source,target,count,probability
0,1,275,0.13045540796963948
0,8,434,0.20588235294117646
0,9,15,0.007115749525616698
0,2,411,0.19497153700189754
0,12,14,0.006641366223908918
0,4,321,0.15227703984819735
0,5,9,0.004269449715370019
0,3,11,0.005218216318785579
0,10,28,0.013282732447817837
0,6,22,0.010436432637571158
0,7,2,0.0009487666034155598
1,0,179,0.5295857988165681
1,9,17,0.05029585798816568
1,8,7,0.020710059171597635
1,3,21,0.0621301775147929
1,5,14,0.04142011834319527
1,6,1,0.0029585798816568047
1,4,6,0.01775147928994083
1,2,11,0.03254437869822485
1,11,1,0.0029585798816568047
9,0,5,0.09259259259259259
9,1,15,0.2777777777777778
9,8,8,0.14814814814814814
9,11,4,0.07407407407407407
9,13,4,0.07407407407407407
9,3,1,0.018518518518518517
8,0,305,0.5743879472693032
8,9,17,0.032015065913371
8,1,6,0.011299435028248588
8,4,5,0.009416195856873822
8,12,20,0.03766478342749529
8,10,57,0.10734463276836158
8,11,2,0.003766478342749529
8,2,14,0.026365348399246705
2,0,268,0.5173745173745173
2,6,33,0.0637065637065637
2,3,18,0.03474903474903475
2,10,40,0.07722007722007722
2,8,11,0.021235521235521235
2,11,1,0.0019305019305019305
2,1,4,0.007722007722007722
2,4,6,0.011583011583011582
2,7,1,0.0019305019305019305
12,8,10,0.2222222222222222
12,4,12,0.26666666666666666
12,13,2,0.044444444444444446
12,5,2,0.044444444444444446
12,14,1,0.022222222222222223
12,15,1,0.022222222222222223
12,0,2,0.044444444444444446
12,6,1,0.022222222222222223
4,0,217,0.5521628498727735
4,6,43,0.10941475826972011
4,2,12,0.030534351145038167
4,9,1,0.002544529262086514
4,12,7,0.017811704834605598
4,1,5,0.01272264631043257
4,5,25,0.06361323155216285
4,7,1,0.002544529262086514
4,14,1,0.002544529262086514
4,13,1,0.002544529262086514
4,8,1,0.002544529262086514
6,4,27,0.24545454545454545
6,2,24,0.21818181818181817
6,10,2,0.01818181818181818
6,8,3,0.02727272727272727
6,7,3,0.02727272727272727
6,0,5,0.045454545454545456
6,14,3,0.02727272727272727
10,8,40,0.29850746268656714
10,2,28,0.208955223880597
10,0,6,0.04477611940298507
10,6,4,0.029850746268656716
10,11,6,0.04477611940298507
10,3,1,0.007462686567164179
10,9,1,0.007462686567164179
3,7,5,0.08928571428571429
3,1,13,0.23214285714285715
3,2,13,0.23214285714285715
3,0,7,0.125
3,6,1,0.017857142857142856
3,11,2,0.03571428571428571
7,1,1,0.07142857142857142
7,3,3,0.21428571428571427
7,2,1,0.07142857142857142
7,6,2,0.14285714285714285
7,4,1,0.07142857142857142
7,5,2,0.14285714285714285
5,4,12,0.22641509433962265
5,0,4,0.07547169811320754
5,1,12,0.22641509433962265
5,7,2,0.03773584905660377
5,13,3,0.05660377358490566
5,6,2,0.03773584905660377
5,9,1,0.018867924528301886
11,10,6,0.375
11,3,1,0.0625
11,0,1,0.0625
11,8,1,0.0625
13,12,4,0.36363636363636365
13,9,2,0.18181818181818182
13,1,1,0.09090909090909091
13,5,1,0.09090909090909091
14,10,1,0.2
14,6,1,0.2
15,13,1,1.0
