session,population,threshold
churchlandlab | CSHL049 | 2020-01-08,dSPN,4.684737104015032
churchlandlab | CSHL049 | 2020-01-08,iSPN,4.082242239550834
cortexlab | KS086 | 2022-03-16,dSPN,2.070939617121907
cortexlab | KS086 | 2022-03-16,iSPN,2.3648595933158454
danlab | DY_014 | 2020-07-18,dSPN,3.396189992447996
danlab | DY_014 | 2020-07-18,iSPN,4.28571242796055
hoferlab | SWC_061 | 2020-11-23,dSPN,4.207216567818706
hoferlab | SWC_061 | 2020-11-23,iSPN,2.782093723962776
mrsicflogellab | SWC_038 | 2020-07-31,dSPN,3.450878448927861
mrsicflogellab | SWC_038 | 2020-07-31,iSPN,2.923552386595464
mrsicflogellab | SWC_038 | 2020-08-01,dSPN,2.4984092559495186
mrsicflogellab | SWC_038 | 2020-08-01,iSPN,6.973572618382774
zadorlab | CSH_ZAD_026 | 2020-08-17,dSPN,3.6021064603072914
zadorlab | CSH_ZAD_026 | 2020-08-17,iSPN,4.842369407071316
