session,eid,pid,probe,session_path,unit_id,lr_pref,final_label,final_name,strongly_fsi_like,retained_after_fsi_audit,session_included_in_claw,used_in_claw
churchlandlab | CSHL049 | 2020-01-08,4b7fbad4-f6de-43b4-9b15-c7c7ef44db4b,fd555d39-b728-44aa-90d2-796b8bb58300,probe01,/Users/zhuojunyu/ibl_bwm_cache/churchlandlab/Subjects/CSHL049/2020-01-08/001,231,R,3,dSPN_right,False,True,True,True
churchlandlab | CSHL049 | 2020-01-08,4b7fbad4-f6de-43b4-9b15-c7c7ef44db4b,fd555d39-b728-44aa-90d2-796b8bb58300,probe01,/Users/zhuojunyu/ibl_bwm_cache/churchlandlab/Subjects/CSHL049/2020-01-08/001,256,R,2,iSPN_right,True,False,True,False
churchlandlab | CSHL049 | 2020-01-08,4b7fbad4-f6de-43b4-9b15-c7c7ef44db4b,fd555d39-b728-44aa-90d2-796b8bb58300,probe01,/Users/zhuojunyu/ibl_bwm_cache/churchlandlab/Subjects/CSHL049/2020-01-08/001,257,L,1,iSPN_left,False,True,True,True
churchlandlab | CSHL049 | 2020-01-08,4b7fbad4-f6de-43b4-9b15-c7c7ef44db4b,fd555d39-b728-44aa-90d2-796b8bb58300,probe01,/Users/zhuojunyu/ibl_bwm_cache/churchlandlab/Subjects/CSHL049/2020-01-08/001,273,R,3,dSPN_right,False,True,True,True
churchlandlab | CSHL049 | 2020-01-08,4b7fbad4-f6de-43b4-9b15-c7c7ef44db4b,fd555d39-b728-44aa-90d2-796b8bb58300,probe01,/Users/zhuojunyu/ibl_bwm_cache/churchlandlab/Subjects/CSHL049/2020-01-08/001,281,L,1,iSPN_left,False,True,True,True
churchlandlab | CSHL049 | 2020-01-08,4b7fbad4-f6de-43b4-9b15-c7c7ef44db4b,fd555d39-b728-44aa-90d2-796b8bb58300,probe01,/Users/zhuojunyu/ibl_bwm_cache/churchlandlab/Subjects/CSHL049/2020-01-08/001,304,R,3,dSPN_right,True,False,True,False
churchlandlab | CSHL049 | 2020-01-08,4b7fbad4-f6de-43b4-9b15-c7c7ef44db4b,fd555d39-b728-44aa-90d2-796b8bb58300,probe01,/Users/zhuojunyu/ibl_bwm_cache/churchlandlab/Subjects/CSHL049/2020-01-08/001,325,L,0,dSPN_left,False,True,True,True
churchlandlab | CSHL049 | 2020-01-08,4b7fbad4-f6de-43b4-9b15-c7c7ef44db4b,fd555d39-b728-44aa-90d2-796b8bb58300,probe01,/Users/zhuojunyu/ibl_bwm_cache/churchlandlab/Subjects/CSHL049/2020-01-08/001,331,L,0,dSPN_left,True,False,True,False
churchlandlab | CSHL049 | 2020-01-08,4b7fbad4-f6de-43b4-9b15-c7c7ef44db4b,fd555d39-b728-44aa-90d2-796b8bb58300,probe01,/Users/zhuojunyu/ibl_bwm_cache/churchlandlab/Subjects/CSHL049/2020-01-08/001,345,L,1,iSPN_left,True,False,True,False
churchlandlab | CSHL049 | 2020-01-08,4b7fbad4-f6de-43b4-9b15-c7c7ef44db4b,fd555d39-b728-44aa-90d2-796b8bb58300,probe01,/Users/zhuojunyu/ibl_bwm_cache/churchlandlab/Subjects/CSHL049/2020-01-08/001,379,R,2,iSPN_right,False,True,True,True
churchlandlab | CSHL049 | 2020-01-08,4b7fbad4-f6de-43b4-9b15-c7c7ef44db4b,fd555d39-b728-44aa-90d2-796b8bb58300,probe01,/Users/zhuojunyu/ibl_bwm_cache/churchlandlab/Subjects/CSHL049/2020-01-08/001,398,R,2,iSPN_right,True,False,True,False
churchlandlab | CSHL049 | 2020-01-08,4b7fbad4-f6de-43b4-9b15-c7c7ef44db4b,fd555d39-b728-44aa-90d2-796b8bb58300,probe01,/Users/zhuojunyu/ibl_bwm_cache/churchlandlab/Subjects/CSHL049/2020-01-08/001,417,L,0,dSPN_left,True,False,True,False
churchlandlab | CSHL049 | 2020-01-08,4b7fbad4-f6de-43b4-9b15-c7c7ef44db4b,fd555d39-b728-44aa-90d2-796b8bb58300,probe01,/Users/zhuojunyu/ibl_bwm_cache/churchlandlab/Subjects/CSHL049/2020-01-08/001,524,L,1,iSPN_left,True,False,True,False
churchlandlab | CSHL049 | 2020-01-08,4b7fbad4-f6de-43b4-9b15-c7c7ef44db4b,fd555d39-b728-44aa-90d2-796b8bb58300,probe01,/Users/zhuojunyu/ibl_bwm_cache/churchlandlab/Subjects/CSHL049/2020-01-08/001,542,L,0,dSPN_left,False,True,True,True
churchlandlab | CSHL049 | 2020-01-08,4b7fbad4-f6de-43b4-9b15-c7c7ef44db4b,fd555d39-b728-44aa-90d2-796b8bb58300,probe01,/Users/zhuojunyu/ibl_bwm_cache/churchlandlab/Subjects/CSHL049/2020-01-08/001,546,L,0,dSPN_left,True,False,True,False
churchlandlab | CSHL049 | 2020-01-08,4b7fbad4-f6de-43b4-9b15-c7c7ef44db4b,fd555d39-b728-44aa-90d2-796b8bb58300,probe01,/Users/zhuojunyu/ibl_bwm_cache/churchlandlab/Subjects/CSHL049/2020-01-08/001,580,L,0,dSPN_left,True,False,True,False
churchlandlab | CSHL049 | 2020-01-08,4b7fbad4-f6de-43b4-9b15-c7c7ef44db4b,fd555d39-b728-44aa-90d2-796b8bb58300,probe01,/Users/zhuojunyu/ibl_bwm_cache/churchlandlab/Subjects/CSHL049/2020-01-08/001,608,L,0,dSPN_left,True,False,True,False
churchlandlab | CSHL049 | 2020-01-08,4b7fbad4-f6de-43b4-9b15-c7c7ef44db4b,fd555d39-b728-44aa-90d2-796b8bb58300,probe01,/Users/zhuojunyu/ibl_bwm_cache/churchlandlab/Subjects/CSHL049/2020-01-08/001,616,L,1,iSPN_left,True,False,True,False
churchlandlab | CSHL049 | 2020-01-08,4b7fbad4-f6de-43b4-9b15-c7c7ef44db4b,fd555d39-b728-44aa-90d2-796b8bb58300,probe01,/Users/zhuojunyu/ibl_bwm_cache/churchlandlab/Subjects/CSHL049/2020-01-08/001,626,L,1,iSPN_left,False,True,True,True
churchlandlab | CSHL049 | 2020-01-08,4b7fbad4-f6de-43b4-9b15-c7c7ef44db4b,fd555d39-b728-44aa-90d2-796b8bb58300,probe01,/Users/zhuojunyu/ibl_bwm_cache/churchlandlab/Subjects/CSHL049/2020-01-08/001,628,R,3,dSPN_right,False,True,True,True
churchlandlab | CSHL049 | 2020-01-08,4b7fbad4-f6de-43b4-9b15-c7c7ef44db4b,fd555d39-b728-44aa-90d2-796b8bb58300,probe01,/Users/zhuojunyu/ibl_bwm_cache/churchlandlab/Subjects/CSHL049/2020-01-08/001,633,L,0,dSPN_left,True,False,True,False
churchlandlab | CSHL049 | 2020-01-08,4b7fbad4-f6de-43b4-9b15-c7c7ef44db4b,fd555d39-b728-44aa-90d2-796b8bb58300,probe01,/Users/zhuojunyu/ibl_bwm_cache/churchlandlab/Subjects/CSHL049/2020-01-08/001,735,L,0,dSPN_left,False,True,True,True
churchlandlab | CSHL049 | 2020-01-08,4b7fbad4-f6de-43b4-9b15-c7c7ef44db4b,fd555d39-b728-44aa-90d2-796b8bb58300,probe01,/Users/zhuojunyu/ibl_bwm_cache/churchlandlab/Subjects/CSHL049/2020-01-08/001,745,L,1,iSPN_left,False,True,True,True
churchlandlab | CSHL049 | 2020-01-08,4b7fbad4-f6de-43b4-9b15-c7c7ef44db4b,fd555d39-b728-44aa-90d2-796b8bb58300,probe01,/Users/zhuojunyu/ibl_bwm_cache/churchlandlab/Subjects/CSHL049/2020-01-08/001,759,L,1,iSPN_left,False,True,True,True
cortexlab | KS086 | 2022-03-16,ffef0311-8ffa-49e3-a857-b3adf6d86e12,4279e354-a6b8-4eff-8245-7c8723b07834,probe00,/Users/zhuojunyu/ibl_bwm_cache/cortexlab/Subjects/KS086/2022-03-16/001,52,L,1,iSPN_left,False,True,True,True
cortexlab | KS086 | 2022-03-16,ffef0311-8ffa-49e3-a857-b3adf6d86e12,4279e354-a6b8-4eff-8245-7c8723b07834,probe00,/Users/zhuojunyu/ibl_bwm_cache/cortexlab/Subjects/KS086/2022-03-16/001,89,R,2,dSPN_right,False,True,True,True
cortexlab | KS086 | 2022-03-16,ffef0311-8ffa-49e3-a857-b3adf6d86e12,4279e354-a6b8-4eff-8245-7c8723b07834,probe00,/Users/zhuojunyu/ibl_bwm_cache/cortexlab/Subjects/KS086/2022-03-16/001,142,L,1,iSPN_left,False,True,True,True
cortexlab | KS086 | 2022-03-16,ffef0311-8ffa-49e3-a857-b3adf6d86e12,4279e354-a6b8-4eff-8245-7c8723b07834,probe00,/Users/zhuojunyu/ibl_bwm_cache/cortexlab/Subjects/KS086/2022-03-16/001,152,R,3,iSPN_right,False,True,True,True
cortexlab | KS086 | 2022-03-16,ffef0311-8ffa-49e3-a857-b3adf6d86e12,4279e354-a6b8-4eff-8245-7c8723b07834,probe00,/Users/zhuojunyu/ibl_bwm_cache/cortexlab/Subjects/KS086/2022-03-16/001,177,L,0,dSPN_left,False,True,True,True
cortexlab | KS086 | 2022-03-16,ffef0311-8ffa-49e3-a857-b3adf6d86e12,4279e354-a6b8-4eff-8245-7c8723b07834,probe00,/Users/zhuojunyu/ibl_bwm_cache/cortexlab/Subjects/KS086/2022-03-16/001,178,R,3,iSPN_right,False,True,True,True
cortexlab | KS086 | 2022-03-16,ffef0311-8ffa-49e3-a857-b3adf6d86e12,4279e354-a6b8-4eff-8245-7c8723b07834,probe00,/Users/zhuojunyu/ibl_bwm_cache/cortexlab/Subjects/KS086/2022-03-16/001,207,L,1,iSPN_left,False,True,True,True
cortexlab | KS086 | 2022-03-16,ffef0311-8ffa-49e3-a857-b3adf6d86e12,4279e354-a6b8-4eff-8245-7c8723b07834,probe00,/Users/zhuojunyu/ibl_bwm_cache/cortexlab/Subjects/KS086/2022-03-16/001,244,L,0,dSPN_left,False,True,True,True
cortexlab | KS086 | 2022-03-16,ffef0311-8ffa-49e3-a857-b3adf6d86e12,4279e354-a6b8-4eff-8245-7c8723b07834,probe00,/Users/zhuojunyu/ibl_bwm_cache/cortexlab/Subjects/KS086/2022-03-16/001,263,R,3,iSPN_right,False,True,True,True
cortexlab | KS086 | 2022-03-16,ffef0311-8ffa-49e3-a857-b3adf6d86e12,4279e354-a6b8-4eff-8245-7c8723b07834,probe00,/Users/zhuojunyu/ibl_bwm_cache/cortexlab/Subjects/KS086/2022-03-16/001,269,L,1,iSPN_left,False,True,True,True
cortexlab | KS086 | 2022-03-16,ffef0311-8ffa-49e3-a857-b3adf6d86e12,4279e354-a6b8-4eff-8245-7c8723b07834,probe00,/Users/zhuojunyu/ibl_bwm_cache/cortexlab/Subjects/KS086/2022-03-16/001,311,R,3,iSPN_right,True,False,True,False
cortexlab | KS086 | 2022-03-16,ffef0311-8ffa-49e3-a857-b3adf6d86e12,4279e354-a6b8-4eff-8245-7c8723b07834,probe00,/Users/zhuojunyu/ibl_bwm_cache/cortexlab/Subjects/KS086/2022-03-16/001,321,R,3,iSPN_right,True,False,True,False
cortexlab | KS086 | 2022-03-16,ffef0311-8ffa-49e3-a857-b3adf6d86e12,4279e354-a6b8-4eff-8245-7c8723b07834,probe00,/Users/zhuojunyu/ibl_bwm_cache/cortexlab/Subjects/KS086/2022-03-16/001,403,R,2,dSPN_right,False,True,True,True
cortexlab | KS086 | 2022-03-16,ffef0311-8ffa-49e3-a857-b3adf6d86e12,4279e354-a6b8-4eff-8245-7c8723b07834,probe00,/Users/zhuojunyu/ibl_bwm_cache/cortexlab/Subjects/KS086/2022-03-16/001,408,R,3,iSPN_right,False,True,True,True
cortexlab | KS086 | 2022-03-16,ffef0311-8ffa-49e3-a857-b3adf6d86e12,4279e354-a6b8-4eff-8245-7c8723b07834,probe00,/Users/zhuojunyu/ibl_bwm_cache/cortexlab/Subjects/KS086/2022-03-16/001,453,R,3,iSPN_right,False,True,True,True
cortexlab | KS086 | 2022-03-16,ffef0311-8ffa-49e3-a857-b3adf6d86e12,4279e354-a6b8-4eff-8245-7c8723b07834,probe00,/Users/zhuojunyu/ibl_bwm_cache/cortexlab/Subjects/KS086/2022-03-16/001,454,R,3,iSPN_right,False,True,True,True
cortexlab | KS086 | 2022-03-16,ffef0311-8ffa-49e3-a857-b3adf6d86e12,4279e354-a6b8-4eff-8245-7c8723b07834,probe00,/Users/zhuojunyu/ibl_bwm_cache/cortexlab/Subjects/KS086/2022-03-16/001,504,R,3,iSPN_right,False,True,True,True
cortexlab | KS086 | 2022-03-16,ffef0311-8ffa-49e3-a857-b3adf6d86e12,4279e354-a6b8-4eff-8245-7c8723b07834,probe00,/Users/zhuojunyu/ibl_bwm_cache/cortexlab/Subjects/KS086/2022-03-16/001,517,L,0,dSPN_left,False,True,True,True
cortexlab | KS086 | 2022-03-16,ffef0311-8ffa-49e3-a857-b3adf6d86e12,4279e354-a6b8-4eff-8245-7c8723b07834,probe00,/Users/zhuojunyu/ibl_bwm_cache/cortexlab/Subjects/KS086/2022-03-16/001,527,R,3,iSPN_right,False,True,True,True
cortexlab | KS086 | 2022-03-16,ffef0311-8ffa-49e3-a857-b3adf6d86e12,4279e354-a6b8-4eff-8245-7c8723b07834,probe00,/Users/zhuojunyu/ibl_bwm_cache/cortexlab/Subjects/KS086/2022-03-16/001,533,L,0,dSPN_left,False,True,True,True
cortexlab | KS086 | 2022-03-16,ffef0311-8ffa-49e3-a857-b3adf6d86e12,4279e354-a6b8-4eff-8245-7c8723b07834,probe00,/Users/zhuojunyu/ibl_bwm_cache/cortexlab/Subjects/KS086/2022-03-16/001,542,L,0,dSPN_left,False,True,True,True
cortexlab | KS086 | 2022-03-16,ffef0311-8ffa-49e3-a857-b3adf6d86e12,4279e354-a6b8-4eff-8245-7c8723b07834,probe00,/Users/zhuojunyu/ibl_bwm_cache/cortexlab/Subjects/KS086/2022-03-16/001,545,R,2,dSPN_right,True,False,True,False
cortexlab | KS086 | 2022-03-16,ffef0311-8ffa-49e3-a857-b3adf6d86e12,4279e354-a6b8-4eff-8245-7c8723b07834,probe00,/Users/zhuojunyu/ibl_bwm_cache/cortexlab/Subjects/KS086/2022-03-16/001,576,R,3,iSPN_right,True,False,True,False
danlab | DY_014 | 2020-07-18,ee8b36de-779f-4dea-901f-e0141c95722b,1ef94d02-d51a-491f-a313-1bb5238d6b8b,probe01,/Users/zhuojunyu/ibl_bwm_cache/danlab/Subjects/DY_014/2020-07-18/001,200,L,0,iSPN_left,False,True,True,True
danlab | DY_014 | 2020-07-18,ee8b36de-779f-4dea-901f-e0141c95722b,1ef94d02-d51a-491f-a313-1bb5238d6b8b,probe01,/Users/zhuojunyu/ibl_bwm_cache/danlab/Subjects/DY_014/2020-07-18/001,206,L,0,iSPN_left,False,True,True,True
danlab | DY_014 | 2020-07-18,ee8b36de-779f-4dea-901f-e0141c95722b,1ef94d02-d51a-491f-a313-1bb5238d6b8b,probe01,/Users/zhuojunyu/ibl_bwm_cache/danlab/Subjects/DY_014/2020-07-18/001,243,L,0,iSPN_left,False,True,True,True
danlab | DY_014 | 2020-07-18,ee8b36de-779f-4dea-901f-e0141c95722b,1ef94d02-d51a-491f-a313-1bb5238d6b8b,probe01,/Users/zhuojunyu/ibl_bwm_cache/danlab/Subjects/DY_014/2020-07-18/001,247,R,3,iSPN_right,False,True,True,True
danlab | DY_014 | 2020-07-18,ee8b36de-779f-4dea-901f-e0141c95722b,1ef94d02-d51a-491f-a313-1bb5238d6b8b,probe01,/Users/zhuojunyu/ibl_bwm_cache/danlab/Subjects/DY_014/2020-07-18/001,271,R,3,iSPN_right,False,True,True,True
danlab | DY_014 | 2020-07-18,ee8b36de-779f-4dea-901f-e0141c95722b,1ef94d02-d51a-491f-a313-1bb5238d6b8b,probe01,/Users/zhuojunyu/ibl_bwm_cache/danlab/Subjects/DY_014/2020-07-18/001,285,R,2,dSPN_right,False,True,True,True
danlab | DY_014 | 2020-07-18,ee8b36de-779f-4dea-901f-e0141c95722b,1ef94d02-d51a-491f-a313-1bb5238d6b8b,probe01,/Users/zhuojunyu/ibl_bwm_cache/danlab/Subjects/DY_014/2020-07-18/001,288,L,0,iSPN_left,False,True,True,True
danlab | DY_014 | 2020-07-18,ee8b36de-779f-4dea-901f-e0141c95722b,1ef94d02-d51a-491f-a313-1bb5238d6b8b,probe01,/Users/zhuojunyu/ibl_bwm_cache/danlab/Subjects/DY_014/2020-07-18/001,321,R,2,dSPN_right,False,True,True,True
danlab | DY_014 | 2020-07-18,ee8b36de-779f-4dea-901f-e0141c95722b,1ef94d02-d51a-491f-a313-1bb5238d6b8b,probe01,/Users/zhuojunyu/ibl_bwm_cache/danlab/Subjects/DY_014/2020-07-18/001,324,R,3,iSPN_right,False,True,True,True
danlab | DY_014 | 2020-07-18,ee8b36de-779f-4dea-901f-e0141c95722b,1ef94d02-d51a-491f-a313-1bb5238d6b8b,probe01,/Users/zhuojunyu/ibl_bwm_cache/danlab/Subjects/DY_014/2020-07-18/001,332,R,3,iSPN_right,False,True,True,True
danlab | DY_014 | 2020-07-18,ee8b36de-779f-4dea-901f-e0141c95722b,1ef94d02-d51a-491f-a313-1bb5238d6b8b,probe01,/Users/zhuojunyu/ibl_bwm_cache/danlab/Subjects/DY_014/2020-07-18/001,346,R,2,dSPN_right,False,True,True,True
danlab | DY_014 | 2020-07-18,ee8b36de-779f-4dea-901f-e0141c95722b,1ef94d02-d51a-491f-a313-1bb5238d6b8b,probe01,/Users/zhuojunyu/ibl_bwm_cache/danlab/Subjects/DY_014/2020-07-18/001,392,R,2,dSPN_right,False,True,True,True
danlab | DY_014 | 2020-07-18,ee8b36de-779f-4dea-901f-e0141c95722b,1ef94d02-d51a-491f-a313-1bb5238d6b8b,probe01,/Users/zhuojunyu/ibl_bwm_cache/danlab/Subjects/DY_014/2020-07-18/001,466,R,3,iSPN_right,True,False,True,False
danlab | DY_014 | 2020-07-18,ee8b36de-779f-4dea-901f-e0141c95722b,1ef94d02-d51a-491f-a313-1bb5238d6b8b,probe01,/Users/zhuojunyu/ibl_bwm_cache/danlab/Subjects/DY_014/2020-07-18/001,504,R,2,dSPN_right,False,True,True,True
danlab | DY_014 | 2020-07-18,ee8b36de-779f-4dea-901f-e0141c95722b,1ef94d02-d51a-491f-a313-1bb5238d6b8b,probe01,/Users/zhuojunyu/ibl_bwm_cache/danlab/Subjects/DY_014/2020-07-18/001,512,L,0,iSPN_left,False,True,True,True
danlab | DY_014 | 2020-07-18,ee8b36de-779f-4dea-901f-e0141c95722b,1ef94d02-d51a-491f-a313-1bb5238d6b8b,probe01,/Users/zhuojunyu/ibl_bwm_cache/danlab/Subjects/DY_014/2020-07-18/001,520,R,2,dSPN_right,False,True,True,True
danlab | DY_014 | 2020-07-18,ee8b36de-779f-4dea-901f-e0141c95722b,1ef94d02-d51a-491f-a313-1bb5238d6b8b,probe01,/Users/zhuojunyu/ibl_bwm_cache/danlab/Subjects/DY_014/2020-07-18/001,528,R,3,iSPN_right,False,True,True,True
danlab | DY_014 | 2020-07-18,ee8b36de-779f-4dea-901f-e0141c95722b,1ef94d02-d51a-491f-a313-1bb5238d6b8b,probe01,/Users/zhuojunyu/ibl_bwm_cache/danlab/Subjects/DY_014/2020-07-18/001,530,R,3,iSPN_right,False,True,True,True
danlab | DY_014 | 2020-07-18,ee8b36de-779f-4dea-901f-e0141c95722b,1ef94d02-d51a-491f-a313-1bb5238d6b8b,probe01,/Users/zhuojunyu/ibl_bwm_cache/danlab/Subjects/DY_014/2020-07-18/001,540,R,3,iSPN_right,False,True,True,True
danlab | DY_014 | 2020-07-18,ee8b36de-779f-4dea-901f-e0141c95722b,1ef94d02-d51a-491f-a313-1bb5238d6b8b,probe01,/Users/zhuojunyu/ibl_bwm_cache/danlab/Subjects/DY_014/2020-07-18/001,543,R,3,iSPN_right,False,True,True,True
danlab | DY_014 | 2020-07-18,ee8b36de-779f-4dea-901f-e0141c95722b,1ef94d02-d51a-491f-a313-1bb5238d6b8b,probe01,/Users/zhuojunyu/ibl_bwm_cache/danlab/Subjects/DY_014/2020-07-18/001,585,L,0,iSPN_left,False,True,True,True
danlab | DY_014 | 2020-07-18,ee8b36de-779f-4dea-901f-e0141c95722b,1ef94d02-d51a-491f-a313-1bb5238d6b8b,probe01,/Users/zhuojunyu/ibl_bwm_cache/danlab/Subjects/DY_014/2020-07-18/001,588,L,0,iSPN_left,False,True,True,True
danlab | DY_014 | 2020-07-18,ee8b36de-779f-4dea-901f-e0141c95722b,1ef94d02-d51a-491f-a313-1bb5238d6b8b,probe01,/Users/zhuojunyu/ibl_bwm_cache/danlab/Subjects/DY_014/2020-07-18/001,599,R,2,dSPN_right,True,False,True,False
danlab | DY_014 | 2020-07-18,ee8b36de-779f-4dea-901f-e0141c95722b,1ef94d02-d51a-491f-a313-1bb5238d6b8b,probe01,/Users/zhuojunyu/ibl_bwm_cache/danlab/Subjects/DY_014/2020-07-18/001,602,L,1,dSPN_left,False,True,True,True
danlab | DY_014 | 2020-07-18,ee8b36de-779f-4dea-901f-e0141c95722b,1ef94d02-d51a-491f-a313-1bb5238d6b8b,probe01,/Users/zhuojunyu/ibl_bwm_cache/danlab/Subjects/DY_014/2020-07-18/001,604,L,1,dSPN_left,False,True,True,True
danlab | DY_014 | 2020-07-18,ee8b36de-779f-4dea-901f-e0141c95722b,1ef94d02-d51a-491f-a313-1bb5238d6b8b,probe01,/Users/zhuojunyu/ibl_bwm_cache/danlab/Subjects/DY_014/2020-07-18/001,626,L,1,dSPN_left,False,True,True,True
danlab | DY_014 | 2020-07-18,ee8b36de-779f-4dea-901f-e0141c95722b,1ef94d02-d51a-491f-a313-1bb5238d6b8b,probe01,/Users/zhuojunyu/ibl_bwm_cache/danlab/Subjects/DY_014/2020-07-18/001,655,R,3,iSPN_right,False,True,True,True
danlab | DY_014 | 2020-07-18,ee8b36de-779f-4dea-901f-e0141c95722b,1ef94d02-d51a-491f-a313-1bb5238d6b8b,probe01,/Users/zhuojunyu/ibl_bwm_cache/danlab/Subjects/DY_014/2020-07-18/001,734,R,3,iSPN_right,False,True,True,True
danlab | DY_014 | 2020-07-18,ee8b36de-779f-4dea-901f-e0141c95722b,1ef94d02-d51a-491f-a313-1bb5238d6b8b,probe01,/Users/zhuojunyu/ibl_bwm_cache/danlab/Subjects/DY_014/2020-07-18/001,752,L,1,dSPN_left,False,True,True,True
hoferlab | SWC_061 | 2020-11-23,493170a6-fd94-4ee4-884f-cc018c17eeb9,68f5f1e4-5e88-4aa5-8a1a-94b691adb11e,probe00,/Users/zhuojunyu/ibl_bwm_cache/hoferlab/Subjects/SWC_061/2020-11-23/001,163,L,1,dSPN_left,False,True,True,True
hoferlab | SWC_061 | 2020-11-23,493170a6-fd94-4ee4-884f-cc018c17eeb9,68f5f1e4-5e88-4aa5-8a1a-94b691adb11e,probe00,/Users/zhuojunyu/ibl_bwm_cache/hoferlab/Subjects/SWC_061/2020-11-23/001,189,L,1,dSPN_left,False,True,True,True
hoferlab | SWC_061 | 2020-11-23,493170a6-fd94-4ee4-884f-cc018c17eeb9,68f5f1e4-5e88-4aa5-8a1a-94b691adb11e,probe00,/Users/zhuojunyu/ibl_bwm_cache/hoferlab/Subjects/SWC_061/2020-11-23/001,200,L,0,iSPN_left,False,True,True,True
hoferlab | SWC_061 | 2020-11-23,493170a6-fd94-4ee4-884f-cc018c17eeb9,68f5f1e4-5e88-4aa5-8a1a-94b691adb11e,probe00,/Users/zhuojunyu/ibl_bwm_cache/hoferlab/Subjects/SWC_061/2020-11-23/001,205,L,1,dSPN_left,False,True,True,True
hoferlab | SWC_061 | 2020-11-23,493170a6-fd94-4ee4-884f-cc018c17eeb9,68f5f1e4-5e88-4aa5-8a1a-94b691adb11e,probe00,/Users/zhuojunyu/ibl_bwm_cache/hoferlab/Subjects/SWC_061/2020-11-23/001,222,R,3,iSPN_right,False,True,True,True
hoferlab | SWC_061 | 2020-11-23,493170a6-fd94-4ee4-884f-cc018c17eeb9,68f5f1e4-5e88-4aa5-8a1a-94b691adb11e,probe00,/Users/zhuojunyu/ibl_bwm_cache/hoferlab/Subjects/SWC_061/2020-11-23/001,239,R,3,iSPN_right,False,True,True,True
hoferlab | SWC_061 | 2020-11-23,493170a6-fd94-4ee4-884f-cc018c17eeb9,68f5f1e4-5e88-4aa5-8a1a-94b691adb11e,probe00,/Users/zhuojunyu/ibl_bwm_cache/hoferlab/Subjects/SWC_061/2020-11-23/001,259,L,0,iSPN_left,False,True,True,True
hoferlab | SWC_061 | 2020-11-23,493170a6-fd94-4ee4-884f-cc018c17eeb9,68f5f1e4-5e88-4aa5-8a1a-94b691adb11e,probe00,/Users/zhuojunyu/ibl_bwm_cache/hoferlab/Subjects/SWC_061/2020-11-23/001,274,L,0,iSPN_left,False,True,True,True
hoferlab | SWC_061 | 2020-11-23,493170a6-fd94-4ee4-884f-cc018c17eeb9,68f5f1e4-5e88-4aa5-8a1a-94b691adb11e,probe00,/Users/zhuojunyu/ibl_bwm_cache/hoferlab/Subjects/SWC_061/2020-11-23/001,287,L,1,dSPN_left,False,True,True,True
hoferlab | SWC_061 | 2020-11-23,493170a6-fd94-4ee4-884f-cc018c17eeb9,68f5f1e4-5e88-4aa5-8a1a-94b691adb11e,probe00,/Users/zhuojunyu/ibl_bwm_cache/hoferlab/Subjects/SWC_061/2020-11-23/001,295,L,0,iSPN_left,False,True,True,True
hoferlab | SWC_061 | 2020-11-23,493170a6-fd94-4ee4-884f-cc018c17eeb9,68f5f1e4-5e88-4aa5-8a1a-94b691adb11e,probe00,/Users/zhuojunyu/ibl_bwm_cache/hoferlab/Subjects/SWC_061/2020-11-23/001,303,L,0,iSPN_left,False,True,True,True
hoferlab | SWC_061 | 2020-11-23,493170a6-fd94-4ee4-884f-cc018c17eeb9,68f5f1e4-5e88-4aa5-8a1a-94b691adb11e,probe00,/Users/zhuojunyu/ibl_bwm_cache/hoferlab/Subjects/SWC_061/2020-11-23/001,308,R,2,dSPN_right,False,True,True,True
hoferlab | SWC_061 | 2020-11-23,493170a6-fd94-4ee4-884f-cc018c17eeb9,68f5f1e4-5e88-4aa5-8a1a-94b691adb11e,probe00,/Users/zhuojunyu/ibl_bwm_cache/hoferlab/Subjects/SWC_061/2020-11-23/001,328,R,2,dSPN_right,False,True,True,True
hoferlab | SWC_061 | 2020-11-23,493170a6-fd94-4ee4-884f-cc018c17eeb9,68f5f1e4-5e88-4aa5-8a1a-94b691adb11e,probe00,/Users/zhuojunyu/ibl_bwm_cache/hoferlab/Subjects/SWC_061/2020-11-23/001,329,L,1,dSPN_left,False,True,True,True
hoferlab | SWC_061 | 2020-11-23,493170a6-fd94-4ee4-884f-cc018c17eeb9,68f5f1e4-5e88-4aa5-8a1a-94b691adb11e,probe00,/Users/zhuojunyu/ibl_bwm_cache/hoferlab/Subjects/SWC_061/2020-11-23/001,331,R,3,iSPN_right,False,True,True,True
hoferlab | SWC_061 | 2020-11-23,493170a6-fd94-4ee4-884f-cc018c17eeb9,68f5f1e4-5e88-4aa5-8a1a-94b691adb11e,probe00,/Users/zhuojunyu/ibl_bwm_cache/hoferlab/Subjects/SWC_061/2020-11-23/001,356,R,2,dSPN_right,False,True,True,True
hoferlab | SWC_061 | 2020-11-23,493170a6-fd94-4ee4-884f-cc018c17eeb9,68f5f1e4-5e88-4aa5-8a1a-94b691adb11e,probe00,/Users/zhuojunyu/ibl_bwm_cache/hoferlab/Subjects/SWC_061/2020-11-23/001,358,L,1,dSPN_left,False,True,True,True
hoferlab | SWC_061 | 2020-11-23,493170a6-fd94-4ee4-884f-cc018c17eeb9,68f5f1e4-5e88-4aa5-8a1a-94b691adb11e,probe00,/Users/zhuojunyu/ibl_bwm_cache/hoferlab/Subjects/SWC_061/2020-11-23/001,368,R,3,iSPN_right,False,True,True,True
hoferlab | SWC_061 | 2020-11-23,493170a6-fd94-4ee4-884f-cc018c17eeb9,68f5f1e4-5e88-4aa5-8a1a-94b691adb11e,probe00,/Users/zhuojunyu/ibl_bwm_cache/hoferlab/Subjects/SWC_061/2020-11-23/001,418,L,0,iSPN_left,False,True,True,True
hoferlab | SWC_061 | 2020-11-23,493170a6-fd94-4ee4-884f-cc018c17eeb9,68f5f1e4-5e88-4aa5-8a1a-94b691adb11e,probe00,/Users/zhuojunyu/ibl_bwm_cache/hoferlab/Subjects/SWC_061/2020-11-23/001,474,L,0,iSPN_left,False,True,True,True
hoferlab | SWC_061 | 2020-11-23,493170a6-fd94-4ee4-884f-cc018c17eeb9,68f5f1e4-5e88-4aa5-8a1a-94b691adb11e,probe00,/Users/zhuojunyu/ibl_bwm_cache/hoferlab/Subjects/SWC_061/2020-11-23/001,484,L,1,dSPN_left,False,True,True,True
hoferlab | SWC_061 | 2020-11-23,493170a6-fd94-4ee4-884f-cc018c17eeb9,68f5f1e4-5e88-4aa5-8a1a-94b691adb11e,probe00,/Users/zhuojunyu/ibl_bwm_cache/hoferlab/Subjects/SWC_061/2020-11-23/001,486,L,1,dSPN_left,False,True,True,True
hoferlab | SWC_061 | 2020-11-23,493170a6-fd94-4ee4-884f-cc018c17eeb9,68f5f1e4-5e88-4aa5-8a1a-94b691adb11e,probe00,/Users/zhuojunyu/ibl_bwm_cache/hoferlab/Subjects/SWC_061/2020-11-23/001,490,L,1,dSPN_left,False,True,True,True
hoferlab | SWC_061 | 2020-11-23,493170a6-fd94-4ee4-884f-cc018c17eeb9,68f5f1e4-5e88-4aa5-8a1a-94b691adb11e,probe00,/Users/zhuojunyu/ibl_bwm_cache/hoferlab/Subjects/SWC_061/2020-11-23/001,497,L,0,iSPN_left,False,True,True,True
mrsicflogellab | SWC_038 | 2020-07-31,1e45d992-c356-40e1-9be1-a506d944896f,2b3c3126-11f3-4a8e-aa44-2f965bf8ab9c,probe01,/Users/zhuojunyu/ibl_bwm_cache/mrsicflogellab/Subjects/SWC_038/2020-07-31/001,112,R,2,iSPN_right,False,True,True,True
mrsicflogellab | SWC_038 | 2020-07-31,1e45d992-c356-40e1-9be1-a506d944896f,2b3c3126-11f3-4a8e-aa44-2f965bf8ab9c,probe01,/Users/zhuojunyu/ibl_bwm_cache/mrsicflogellab/Subjects/SWC_038/2020-07-31/001,120,R,3,dSPN_right,False,True,True,True
mrsicflogellab | SWC_038 | 2020-07-31,1e45d992-c356-40e1-9be1-a506d944896f,2b3c3126-11f3-4a8e-aa44-2f965bf8ab9c,probe01,/Users/zhuojunyu/ibl_bwm_cache/mrsicflogellab/Subjects/SWC_038/2020-07-31/001,151,L,0,iSPN_left,False,True,True,True
mrsicflogellab | SWC_038 | 2020-07-31,1e45d992-c356-40e1-9be1-a506d944896f,2b3c3126-11f3-4a8e-aa44-2f965bf8ab9c,probe01,/Users/zhuojunyu/ibl_bwm_cache/mrsicflogellab/Subjects/SWC_038/2020-07-31/001,193,R,2,iSPN_right,False,True,True,True
mrsicflogellab | SWC_038 | 2020-07-31,1e45d992-c356-40e1-9be1-a506d944896f,2b3c3126-11f3-4a8e-aa44-2f965bf8ab9c,probe01,/Users/zhuojunyu/ibl_bwm_cache/mrsicflogellab/Subjects/SWC_038/2020-07-31/001,203,L,0,iSPN_left,False,True,True,True
mrsicflogellab | SWC_038 | 2020-07-31,1e45d992-c356-40e1-9be1-a506d944896f,2b3c3126-11f3-4a8e-aa44-2f965bf8ab9c,probe01,/Users/zhuojunyu/ibl_bwm_cache/mrsicflogellab/Subjects/SWC_038/2020-07-31/001,217,R,2,iSPN_right,False,True,True,True
mrsicflogellab | SWC_038 | 2020-07-31,1e45d992-c356-40e1-9be1-a506d944896f,2b3c3126-11f3-4a8e-aa44-2f965bf8ab9c,probe01,/Users/zhuojunyu/ibl_bwm_cache/mrsicflogellab/Subjects/SWC_038/2020-07-31/001,274,R,3,dSPN_right,False,True,True,True
mrsicflogellab | SWC_038 | 2020-07-31,1e45d992-c356-40e1-9be1-a506d944896f,2b3c3126-11f3-4a8e-aa44-2f965bf8ab9c,probe01,/Users/zhuojunyu/ibl_bwm_cache/mrsicflogellab/Subjects/SWC_038/2020-07-31/001,346,R,2,iSPN_right,False,True,True,True
mrsicflogellab | SWC_038 | 2020-07-31,1e45d992-c356-40e1-9be1-a506d944896f,2b3c3126-11f3-4a8e-aa44-2f965bf8ab9c,probe01,/Users/zhuojunyu/ibl_bwm_cache/mrsicflogellab/Subjects/SWC_038/2020-07-31/001,352,L,1,dSPN_left,False,True,True,True
mrsicflogellab | SWC_038 | 2020-07-31,1e45d992-c356-40e1-9be1-a506d944896f,2b3c3126-11f3-4a8e-aa44-2f965bf8ab9c,probe01,/Users/zhuojunyu/ibl_bwm_cache/mrsicflogellab/Subjects/SWC_038/2020-07-31/001,354,L,0,iSPN_left,False,True,True,True
mrsicflogellab | SWC_038 | 2020-07-31,1e45d992-c356-40e1-9be1-a506d944896f,2b3c3126-11f3-4a8e-aa44-2f965bf8ab9c,probe01,/Users/zhuojunyu/ibl_bwm_cache/mrsicflogellab/Subjects/SWC_038/2020-07-31/001,355,L,0,iSPN_left,False,True,True,True
mrsicflogellab | SWC_038 | 2020-07-31,1e45d992-c356-40e1-9be1-a506d944896f,2b3c3126-11f3-4a8e-aa44-2f965bf8ab9c,probe01,/Users/zhuojunyu/ibl_bwm_cache/mrsicflogellab/Subjects/SWC_038/2020-07-31/001,362,L,0,iSPN_left,False,True,True,True
mrsicflogellab | SWC_038 | 2020-07-31,1e45d992-c356-40e1-9be1-a506d944896f,2b3c3126-11f3-4a8e-aa44-2f965bf8ab9c,probe01,/Users/zhuojunyu/ibl_bwm_cache/mrsicflogellab/Subjects/SWC_038/2020-07-31/001,415,L,1,dSPN_left,False,True,True,True
mrsicflogellab | SWC_038 | 2020-07-31,1e45d992-c356-40e1-9be1-a506d944896f,2b3c3126-11f3-4a8e-aa44-2f965bf8ab9c,probe01,/Users/zhuojunyu/ibl_bwm_cache/mrsicflogellab/Subjects/SWC_038/2020-07-31/001,419,R,2,iSPN_right,False,True,True,True
mrsicflogellab | SWC_038 | 2020-07-31,1e45d992-c356-40e1-9be1-a506d944896f,2b3c3126-11f3-4a8e-aa44-2f965bf8ab9c,probe01,/Users/zhuojunyu/ibl_bwm_cache/mrsicflogellab/Subjects/SWC_038/2020-07-31/001,1159,L,1,dSPN_left,False,True,True,True
mrsicflogellab | SWC_038 | 2020-07-31,1e45d992-c356-40e1-9be1-a506d944896f,2b3c3126-11f3-4a8e-aa44-2f965bf8ab9c,probe01,/Users/zhuojunyu/ibl_bwm_cache/mrsicflogellab/Subjects/SWC_038/2020-07-31/001,1166,R,3,dSPN_right,False,True,True,True
mrsicflogellab | SWC_038 | 2020-08-01,03063955-2523-47bd-ae57-f7489dd40f15,7bd5627e-b02e-47f1-b476-4bf8eaa726b3,probe01,/Users/zhuojunyu/ibl_bwm_cache/mrsicflogellab/Subjects/SWC_038/2020-08-01/001,77,L,1,iSPN_left,False,True,True,True
mrsicflogellab | SWC_038 | 2020-08-01,03063955-2523-47bd-ae57-f7489dd40f15,7bd5627e-b02e-47f1-b476-4bf8eaa726b3,probe01,/Users/zhuojunyu/ibl_bwm_cache/mrsicflogellab/Subjects/SWC_038/2020-08-01/001,94,L,0,dSPN_left,False,True,True,True
mrsicflogellab | SWC_038 | 2020-08-01,03063955-2523-47bd-ae57-f7489dd40f15,7bd5627e-b02e-47f1-b476-4bf8eaa726b3,probe01,/Users/zhuojunyu/ibl_bwm_cache/mrsicflogellab/Subjects/SWC_038/2020-08-01/001,110,R,2,dSPN_right,False,True,True,True
mrsicflogellab | SWC_038 | 2020-08-01,03063955-2523-47bd-ae57-f7489dd40f15,7bd5627e-b02e-47f1-b476-4bf8eaa726b3,probe01,/Users/zhuojunyu/ibl_bwm_cache/mrsicflogellab/Subjects/SWC_038/2020-08-01/001,131,R,2,dSPN_right,False,True,True,True
mrsicflogellab | SWC_038 | 2020-08-01,03063955-2523-47bd-ae57-f7489dd40f15,7bd5627e-b02e-47f1-b476-4bf8eaa726b3,probe01,/Users/zhuojunyu/ibl_bwm_cache/mrsicflogellab/Subjects/SWC_038/2020-08-01/001,136,R,2,dSPN_right,False,True,True,True
mrsicflogellab | SWC_038 | 2020-08-01,03063955-2523-47bd-ae57-f7489dd40f15,7bd5627e-b02e-47f1-b476-4bf8eaa726b3,probe01,/Users/zhuojunyu/ibl_bwm_cache/mrsicflogellab/Subjects/SWC_038/2020-08-01/001,137,L,1,iSPN_left,False,True,True,True
mrsicflogellab | SWC_038 | 2020-08-01,03063955-2523-47bd-ae57-f7489dd40f15,7bd5627e-b02e-47f1-b476-4bf8eaa726b3,probe01,/Users/zhuojunyu/ibl_bwm_cache/mrsicflogellab/Subjects/SWC_038/2020-08-01/001,151,R,2,dSPN_right,False,True,True,True
mrsicflogellab | SWC_038 | 2020-08-01,03063955-2523-47bd-ae57-f7489dd40f15,7bd5627e-b02e-47f1-b476-4bf8eaa726b3,probe01,/Users/zhuojunyu/ibl_bwm_cache/mrsicflogellab/Subjects/SWC_038/2020-08-01/001,153,R,2,dSPN_right,False,True,True,True
mrsicflogellab | SWC_038 | 2020-08-01,03063955-2523-47bd-ae57-f7489dd40f15,7bd5627e-b02e-47f1-b476-4bf8eaa726b3,probe01,/Users/zhuojunyu/ibl_bwm_cache/mrsicflogellab/Subjects/SWC_038/2020-08-01/001,156,R,2,dSPN_right,False,True,True,True
mrsicflogellab | SWC_038 | 2020-08-01,03063955-2523-47bd-ae57-f7489dd40f15,7bd5627e-b02e-47f1-b476-4bf8eaa726b3,probe01,/Users/zhuojunyu/ibl_bwm_cache/mrsicflogellab/Subjects/SWC_038/2020-08-01/001,161,R,2,dSPN_right,False,True,True,True
mrsicflogellab | SWC_038 | 2020-08-01,03063955-2523-47bd-ae57-f7489dd40f15,7bd5627e-b02e-47f1-b476-4bf8eaa726b3,probe01,/Users/zhuojunyu/ibl_bwm_cache/mrsicflogellab/Subjects/SWC_038/2020-08-01/001,170,R,2,dSPN_right,False,True,True,True
mrsicflogellab | SWC_038 | 2020-08-01,03063955-2523-47bd-ae57-f7489dd40f15,7bd5627e-b02e-47f1-b476-4bf8eaa726b3,probe01,/Users/zhuojunyu/ibl_bwm_cache/mrsicflogellab/Subjects/SWC_038/2020-08-01/001,181,R,2,dSPN_right,False,True,True,True
mrsicflogellab | SWC_038 | 2020-08-01,03063955-2523-47bd-ae57-f7489dd40f15,7bd5627e-b02e-47f1-b476-4bf8eaa726b3,probe01,/Users/zhuojunyu/ibl_bwm_cache/mrsicflogellab/Subjects/SWC_038/2020-08-01/001,193,R,2,dSPN_right,False,True,True,True
mrsicflogellab | SWC_038 | 2020-08-01,03063955-2523-47bd-ae57-f7489dd40f15,7bd5627e-b02e-47f1-b476-4bf8eaa726b3,probe01,/Users/zhuojunyu/ibl_bwm_cache/mrsicflogellab/Subjects/SWC_038/2020-08-01/001,196,R,2,dSPN_right,False,True,True,True
mrsicflogellab | SWC_038 | 2020-08-01,03063955-2523-47bd-ae57-f7489dd40f15,7bd5627e-b02e-47f1-b476-4bf8eaa726b3,probe01,/Users/zhuojunyu/ibl_bwm_cache/mrsicflogellab/Subjects/SWC_038/2020-08-01/001,201,L,0,dSPN_left,False,True,True,True
mrsicflogellab | SWC_038 | 2020-08-01,03063955-2523-47bd-ae57-f7489dd40f15,7bd5627e-b02e-47f1-b476-4bf8eaa726b3,probe01,/Users/zhuojunyu/ibl_bwm_cache/mrsicflogellab/Subjects/SWC_038/2020-08-01/001,207,R,2,dSPN_right,False,True,True,True
mrsicflogellab | SWC_038 | 2020-08-01,03063955-2523-47bd-ae57-f7489dd40f15,7bd5627e-b02e-47f1-b476-4bf8eaa726b3,probe01,/Users/zhuojunyu/ibl_bwm_cache/mrsicflogellab/Subjects/SWC_038/2020-08-01/001,209,R,2,dSPN_right,False,True,True,True
mrsicflogellab | SWC_038 | 2020-08-01,03063955-2523-47bd-ae57-f7489dd40f15,7bd5627e-b02e-47f1-b476-4bf8eaa726b3,probe01,/Users/zhuojunyu/ibl_bwm_cache/mrsicflogellab/Subjects/SWC_038/2020-08-01/001,216,R,3,iSPN_right,False,True,True,True
mrsicflogellab | SWC_038 | 2020-08-01,03063955-2523-47bd-ae57-f7489dd40f15,7bd5627e-b02e-47f1-b476-4bf8eaa726b3,probe01,/Users/zhuojunyu/ibl_bwm_cache/mrsicflogellab/Subjects/SWC_038/2020-08-01/001,227,R,2,dSPN_right,False,True,True,True
mrsicflogellab | SWC_038 | 2020-08-01,03063955-2523-47bd-ae57-f7489dd40f15,7bd5627e-b02e-47f1-b476-4bf8eaa726b3,probe01,/Users/zhuojunyu/ibl_bwm_cache/mrsicflogellab/Subjects/SWC_038/2020-08-01/001,235,R,2,dSPN_right,False,True,True,True
mrsicflogellab | SWC_038 | 2020-08-01,03063955-2523-47bd-ae57-f7489dd40f15,7bd5627e-b02e-47f1-b476-4bf8eaa726b3,probe01,/Users/zhuojunyu/ibl_bwm_cache/mrsicflogellab/Subjects/SWC_038/2020-08-01/001,246,R,2,dSPN_right,False,True,True,True
mrsicflogellab | SWC_038 | 2020-08-01,03063955-2523-47bd-ae57-f7489dd40f15,7bd5627e-b02e-47f1-b476-4bf8eaa726b3,probe01,/Users/zhuojunyu/ibl_bwm_cache/mrsicflogellab/Subjects/SWC_038/2020-08-01/001,248,R,2,dSPN_right,False,True,True,True
mrsicflogellab | SWC_038 | 2020-08-01,03063955-2523-47bd-ae57-f7489dd40f15,7bd5627e-b02e-47f1-b476-4bf8eaa726b3,probe01,/Users/zhuojunyu/ibl_bwm_cache/mrsicflogellab/Subjects/SWC_038/2020-08-01/001,249,R,2,dSPN_right,False,True,True,True
mrsicflogellab | SWC_038 | 2020-08-01,03063955-2523-47bd-ae57-f7489dd40f15,7bd5627e-b02e-47f1-b476-4bf8eaa726b3,probe01,/Users/zhuojunyu/ibl_bwm_cache/mrsicflogellab/Subjects/SWC_038/2020-08-01/001,259,R,2,dSPN_right,False,True,True,True
mrsicflogellab | SWC_038 | 2020-08-01,03063955-2523-47bd-ae57-f7489dd40f15,7bd5627e-b02e-47f1-b476-4bf8eaa726b3,probe01,/Users/zhuojunyu/ibl_bwm_cache/mrsicflogellab/Subjects/SWC_038/2020-08-01/001,270,R,2,dSPN_right,False,True,True,True
mrsicflogellab | SWC_038 | 2020-08-01,03063955-2523-47bd-ae57-f7489dd40f15,7bd5627e-b02e-47f1-b476-4bf8eaa726b3,probe01,/Users/zhuojunyu/ibl_bwm_cache/mrsicflogellab/Subjects/SWC_038/2020-08-01/001,276,R,2,dSPN_right,False,True,True,True
mrsicflogellab | SWC_038 | 2020-08-01,03063955-2523-47bd-ae57-f7489dd40f15,7bd5627e-b02e-47f1-b476-4bf8eaa726b3,probe01,/Users/zhuojunyu/ibl_bwm_cache/mrsicflogellab/Subjects/SWC_038/2020-08-01/001,284,R,2,dSPN_right,False,True,True,True
mrsicflogellab | SWC_038 | 2020-08-01,03063955-2523-47bd-ae57-f7489dd40f15,7bd5627e-b02e-47f1-b476-4bf8eaa726b3,probe01,/Users/zhuojunyu/ibl_bwm_cache/mrsicflogellab/Subjects/SWC_038/2020-08-01/001,289,R,2,dSPN_right,False,True,True,True
mrsicflogellab | SWC_038 | 2020-08-01,03063955-2523-47bd-ae57-f7489dd40f15,7bd5627e-b02e-47f1-b476-4bf8eaa726b3,probe01,/Users/zhuojunyu/ibl_bwm_cache/mrsicflogellab/Subjects/SWC_038/2020-08-01/001,290,R,2,dSPN_right,False,True,True,True
mrsicflogellab | SWC_038 | 2020-08-01,03063955-2523-47bd-ae57-f7489dd40f15,7bd5627e-b02e-47f1-b476-4bf8eaa726b3,probe01,/Users/zhuojunyu/ibl_bwm_cache/mrsicflogellab/Subjects/SWC_038/2020-08-01/001,292,L,1,iSPN_left,False,True,True,True
mrsicflogellab | SWC_038 | 2020-08-01,03063955-2523-47bd-ae57-f7489dd40f15,7bd5627e-b02e-47f1-b476-4bf8eaa726b3,probe01,/Users/zhuojunyu/ibl_bwm_cache/mrsicflogellab/Subjects/SWC_038/2020-08-01/001,305,R,2,dSPN_right,False,True,True,True
mrsicflogellab | SWC_038 | 2020-08-01,03063955-2523-47bd-ae57-f7489dd40f15,7bd5627e-b02e-47f1-b476-4bf8eaa726b3,probe01,/Users/zhuojunyu/ibl_bwm_cache/mrsicflogellab/Subjects/SWC_038/2020-08-01/001,312,L,0,dSPN_left,False,True,True,True
mrsicflogellab | SWC_038 | 2020-08-01,03063955-2523-47bd-ae57-f7489dd40f15,7bd5627e-b02e-47f1-b476-4bf8eaa726b3,probe01,/Users/zhuojunyu/ibl_bwm_cache/mrsicflogellab/Subjects/SWC_038/2020-08-01/001,357,R,3,iSPN_right,False,True,True,True
mrsicflogellab | SWC_038 | 2020-08-01,03063955-2523-47bd-ae57-f7489dd40f15,7bd5627e-b02e-47f1-b476-4bf8eaa726b3,probe01,/Users/zhuojunyu/ibl_bwm_cache/mrsicflogellab/Subjects/SWC_038/2020-08-01/001,698,R,3,iSPN_right,False,True,True,True
mrsicflogellab | SWC_038 | 2020-08-01,03063955-2523-47bd-ae57-f7489dd40f15,7bd5627e-b02e-47f1-b476-4bf8eaa726b3,probe01,/Users/zhuojunyu/ibl_bwm_cache/mrsicflogellab/Subjects/SWC_038/2020-08-01/001,744,R,2,dSPN_right,False,True,True,True
zadorlab | CSH_ZAD_026 | 2020-08-17,81a78eac-9d36-4f90-a73a-7eb3ad7f770b,5011eba9-8926-4a73-b729-579d02676d25,probe00,/Users/zhuojunyu/ibl_bwm_cache/zadorlab/Subjects/CSH_ZAD_026/2020-08-17/001,77,R,2,iSPN_right,False,True,True,True
zadorlab | CSH_ZAD_026 | 2020-08-17,81a78eac-9d36-4f90-a73a-7eb3ad7f770b,5011eba9-8926-4a73-b729-579d02676d25,probe00,/Users/zhuojunyu/ibl_bwm_cache/zadorlab/Subjects/CSH_ZAD_026/2020-08-17/001,82,R,2,iSPN_right,False,True,True,True
zadorlab | CSH_ZAD_026 | 2020-08-17,81a78eac-9d36-4f90-a73a-7eb3ad7f770b,5011eba9-8926-4a73-b729-579d02676d25,probe00,/Users/zhuojunyu/ibl_bwm_cache/zadorlab/Subjects/CSH_ZAD_026/2020-08-17/001,85,R,2,iSPN_right,False,True,True,True
zadorlab | CSH_ZAD_026 | 2020-08-17,81a78eac-9d36-4f90-a73a-7eb3ad7f770b,5011eba9-8926-4a73-b729-579d02676d25,probe00,/Users/zhuojunyu/ibl_bwm_cache/zadorlab/Subjects/CSH_ZAD_026/2020-08-17/001,89,L,1,dSPN_left,False,True,True,True
zadorlab | CSH_ZAD_026 | 2020-08-17,81a78eac-9d36-4f90-a73a-7eb3ad7f770b,5011eba9-8926-4a73-b729-579d02676d25,probe00,/Users/zhuojunyu/ibl_bwm_cache/zadorlab/Subjects/CSH_ZAD_026/2020-08-17/001,95,R,2,iSPN_right,True,False,True,False
zadorlab | CSH_ZAD_026 | 2020-08-17,81a78eac-9d36-4f90-a73a-7eb3ad7f770b,5011eba9-8926-4a73-b729-579d02676d25,probe00,/Users/zhuojunyu/ibl_bwm_cache/zadorlab/Subjects/CSH_ZAD_026/2020-08-17/001,96,L,1,dSPN_left,False,True,True,True
zadorlab | CSH_ZAD_026 | 2020-08-17,81a78eac-9d36-4f90-a73a-7eb3ad7f770b,5011eba9-8926-4a73-b729-579d02676d25,probe00,/Users/zhuojunyu/ibl_bwm_cache/zadorlab/Subjects/CSH_ZAD_026/2020-08-17/001,97,R,2,iSPN_right,True,False,True,False
zadorlab | CSH_ZAD_026 | 2020-08-17,81a78eac-9d36-4f90-a73a-7eb3ad7f770b,5011eba9-8926-4a73-b729-579d02676d25,probe00,/Users/zhuojunyu/ibl_bwm_cache/zadorlab/Subjects/CSH_ZAD_026/2020-08-17/001,100,L,1,dSPN_left,False,True,True,True
zadorlab | CSH_ZAD_026 | 2020-08-17,81a78eac-9d36-4f90-a73a-7eb3ad7f770b,5011eba9-8926-4a73-b729-579d02676d25,probe00,/Users/zhuojunyu/ibl_bwm_cache/zadorlab/Subjects/CSH_ZAD_026/2020-08-17/001,129,L,1,dSPN_left,False,True,True,True
zadorlab | CSH_ZAD_026 | 2020-08-17,81a78eac-9d36-4f90-a73a-7eb3ad7f770b,5011eba9-8926-4a73-b729-579d02676d25,probe00,/Users/zhuojunyu/ibl_bwm_cache/zadorlab/Subjects/CSH_ZAD_026/2020-08-17/001,131,L,0,iSPN_left,False,True,True,True
zadorlab | CSH_ZAD_026 | 2020-08-17,81a78eac-9d36-4f90-a73a-7eb3ad7f770b,5011eba9-8926-4a73-b729-579d02676d25,probe00,/Users/zhuojunyu/ibl_bwm_cache/zadorlab/Subjects/CSH_ZAD_026/2020-08-17/001,135,R,3,dSPN_right,False,True,True,True
zadorlab | CSH_ZAD_026 | 2020-08-17,81a78eac-9d36-4f90-a73a-7eb3ad7f770b,5011eba9-8926-4a73-b729-579d02676d25,probe00,/Users/zhuojunyu/ibl_bwm_cache/zadorlab/Subjects/CSH_ZAD_026/2020-08-17/001,136,R,2,iSPN_right,False,True,True,True
zadorlab | CSH_ZAD_026 | 2020-08-17,81a78eac-9d36-4f90-a73a-7eb3ad7f770b,5011eba9-8926-4a73-b729-579d02676d25,probe00,/Users/zhuojunyu/ibl_bwm_cache/zadorlab/Subjects/CSH_ZAD_026/2020-08-17/001,148,L,1,dSPN_left,False,True,True,True
zadorlab | CSH_ZAD_026 | 2020-08-17,81a78eac-9d36-4f90-a73a-7eb3ad7f770b,5011eba9-8926-4a73-b729-579d02676d25,probe00,/Users/zhuojunyu/ibl_bwm_cache/zadorlab/Subjects/CSH_ZAD_026/2020-08-17/001,203,L,1,dSPN_left,False,True,True,True
zadorlab | CSH_ZAD_026 | 2020-08-17,81a78eac-9d36-4f90-a73a-7eb3ad7f770b,5011eba9-8926-4a73-b729-579d02676d25,probe00,/Users/zhuojunyu/ibl_bwm_cache/zadorlab/Subjects/CSH_ZAD_026/2020-08-17/001,208,L,0,iSPN_left,False,True,True,True
zadorlab | CSH_ZAD_026 | 2020-08-17,81a78eac-9d36-4f90-a73a-7eb3ad7f770b,5011eba9-8926-4a73-b729-579d02676d25,probe00,/Users/zhuojunyu/ibl_bwm_cache/zadorlab/Subjects/CSH_ZAD_026/2020-08-17/001,218,R,2,iSPN_right,False,True,True,True
zadorlab | CSH_ZAD_026 | 2020-08-17,81a78eac-9d36-4f90-a73a-7eb3ad7f770b,5011eba9-8926-4a73-b729-579d02676d25,probe00,/Users/zhuojunyu/ibl_bwm_cache/zadorlab/Subjects/CSH_ZAD_026/2020-08-17/001,222,R,2,iSPN_right,False,True,True,True
zadorlab | CSH_ZAD_026 | 2020-08-17,81a78eac-9d36-4f90-a73a-7eb3ad7f770b,5011eba9-8926-4a73-b729-579d02676d25,probe00,/Users/zhuojunyu/ibl_bwm_cache/zadorlab/Subjects/CSH_ZAD_026/2020-08-17/001,228,R,2,iSPN_right,False,True,True,True
zadorlab | CSH_ZAD_026 | 2020-08-17,81a78eac-9d36-4f90-a73a-7eb3ad7f770b,5011eba9-8926-4a73-b729-579d02676d25,probe00,/Users/zhuojunyu/ibl_bwm_cache/zadorlab/Subjects/CSH_ZAD_026/2020-08-17/001,235,L,0,iSPN_left,False,True,True,True
zadorlab | CSH_ZAD_026 | 2020-08-17,81a78eac-9d36-4f90-a73a-7eb3ad7f770b,5011eba9-8926-4a73-b729-579d02676d25,probe00,/Users/zhuojunyu/ibl_bwm_cache/zadorlab/Subjects/CSH_ZAD_026/2020-08-17/001,241,R,3,dSPN_right,False,True,True,True
zadorlab | CSH_ZAD_026 | 2020-08-17,81a78eac-9d36-4f90-a73a-7eb3ad7f770b,5011eba9-8926-4a73-b729-579d02676d25,probe00,/Users/zhuojunyu/ibl_bwm_cache/zadorlab/Subjects/CSH_ZAD_026/2020-08-17/001,243,L,1,dSPN_left,False,True,True,True
zadorlab | CSH_ZAD_026 | 2020-08-17,81a78eac-9d36-4f90-a73a-7eb3ad7f770b,5011eba9-8926-4a73-b729-579d02676d25,probe00,/Users/zhuojunyu/ibl_bwm_cache/zadorlab/Subjects/CSH_ZAD_026/2020-08-17/001,244,L,1,dSPN_left,False,True,True,True
zadorlab | CSH_ZAD_026 | 2020-08-17,81a78eac-9d36-4f90-a73a-7eb3ad7f770b,5011eba9-8926-4a73-b729-579d02676d25,probe00,/Users/zhuojunyu/ibl_bwm_cache/zadorlab/Subjects/CSH_ZAD_026/2020-08-17/001,253,R,2,iSPN_right,False,True,True,True
zadorlab | CSH_ZAD_026 | 2020-08-17,81a78eac-9d36-4f90-a73a-7eb3ad7f770b,5011eba9-8926-4a73-b729-579d02676d25,probe00,/Users/zhuojunyu/ibl_bwm_cache/zadorlab/Subjects/CSH_ZAD_026/2020-08-17/001,259,L,1,dSPN_left,False,True,True,True
zadorlab | CSH_ZAD_026 | 2020-08-17,81a78eac-9d36-4f90-a73a-7eb3ad7f770b,5011eba9-8926-4a73-b729-579d02676d25,probe00,/Users/zhuojunyu/ibl_bwm_cache/zadorlab/Subjects/CSH_ZAD_026/2020-08-17/001,271,L,1,dSPN_left,False,True,True,True
zadorlab | CSH_ZAD_026 | 2020-08-17,81a78eac-9d36-4f90-a73a-7eb3ad7f770b,5011eba9-8926-4a73-b729-579d02676d25,probe00,/Users/zhuojunyu/ibl_bwm_cache/zadorlab/Subjects/CSH_ZAD_026/2020-08-17/001,275,L,1,dSPN_left,False,True,True,True
zadorlab | CSH_ZAD_026 | 2020-08-17,81a78eac-9d36-4f90-a73a-7eb3ad7f770b,5011eba9-8926-4a73-b729-579d02676d25,probe00,/Users/zhuojunyu/ibl_bwm_cache/zadorlab/Subjects/CSH_ZAD_026/2020-08-17/001,347,R,3,dSPN_right,True,False,True,False
zadorlab | CSH_ZAD_026 | 2020-08-17,81a78eac-9d36-4f90-a73a-7eb3ad7f770b,5011eba9-8926-4a73-b729-579d02676d25,probe00,/Users/zhuojunyu/ibl_bwm_cache/zadorlab/Subjects/CSH_ZAD_026/2020-08-17/001,728,L,1,dSPN_left,False,True,True,True
zadorlab | CSH_ZAD_026 | 2020-08-17,81a78eac-9d36-4f90-a73a-7eb3ad7f770b,5011eba9-8926-4a73-b729-579d02676d25,probe00,/Users/zhuojunyu/ibl_bwm_cache/zadorlab/Subjects/CSH_ZAD_026/2020-08-17/001,745,L,1,dSPN_left,False,True,True,True
