session,eid,pid,probe,session_path,unit_id,lr_pref,final_label,final_name,trough_half_width_ms,trough_index,left_crossing_sample,right_crossing_sample,baseline,trough_amplitude,positive_amplitude,negative_to_positive_ratio,trough_to_later_peak_ms,width_valid,qc_status,qc_warning,data_source,sorter,revision,collection,cluster_array_row,sample_rate_hz,peak_channel,waveform_column,channel_selection,n_session_spikes,session_rate_hz,source_trough_to_peak_ms,strongly_fsi_like,not_strongly_fsi_like,narrow_trough_lt_0p15ms
churchlandlab | CSHL049 | 2020-01-08,4b7fbad4-f6de-43b4-9b15-c7c7ef44db4b,fd555d39-b728-44aa-90d2-796b8bb58300,probe01,/Users/zhuojunyu/ibl_bwm_cache/churchlandlab/Subjects/CSHL049/2020-01-08/001,231,R,3,dSPN_right,0.15735171108487359,40,37.49893569139967,42.21948702394588,1.2923260328534525e-07,-5.780687638434756e-05,1.7041761793734622e-05,3.3920716111405906,0.8,True,ok,,IBL,pykilosort,2024-05-06,alf/probe01/pykilosort,231,30000.0,179,0,reported_peak_channel,31832,6.092274055954907,0.8,False,True,False
churchlandlab | CSHL049 | 2020-01-08,4b7fbad4-f6de-43b4-9b15-c7c7ef44db4b,fd555d39-b728-44aa-90d2-796b8bb58300,probe01,/Users/zhuojunyu/ibl_bwm_cache/churchlandlab/Subjects/CSHL049/2020-01-08/001,256,R,2,iSPN_right,0.10247932072784637,41,39.521595015821354,42.595974637656745,0.0,-0.00012512190733104944,2.5928104150807485e-05,4.82572526719632,0.26666666666666666,True,ok,,IBL,pykilosort,2024-05-06,alf/probe01/pykilosort,256,30000.0,204,0,reported_peak_channel,105267,20.14687776602806,0.26666666666666666,True,False,True
churchlandlab | CSHL049 | 2020-01-08,4b7fbad4-f6de-43b4-9b15-c7c7ef44db4b,fd555d39-b728-44aa-90d2-796b8bb58300,probe01,/Users/zhuojunyu/ibl_bwm_cache/churchlandlab/Subjects/CSHL049/2020-01-08/001,257,L,1,iSPN_left,0.1253015645202325,41,39.62036326289646,43.379410198503436,0.0,-6.869110802654177e-05,1.8264225218445063e-05,3.7609647934679726,0.26666666666666666,True,ok,,IBL,pykilosort,2024-05-06,alf/probe01/pykilosort,257,30000.0,205,0,reported_peak_channel,48412,9.265492950392339,0.26666666666666666,False,True,True
churchlandlab | CSHL049 | 2020-01-08,4b7fbad4-f6de-43b4-9b15-c7c7ef44db4b,fd555d39-b728-44aa-90d2-796b8bb58300,probe01,/Users/zhuojunyu/ibl_bwm_cache/churchlandlab/Subjects/CSHL049/2020-01-08/001,273,R,3,dSPN_right,0.09991316258318506,41,39.86556007352691,42.86295495102246,-1.7849876599029812e-07,-0.00013987527430003865,2.68600919923756e-05,5.207550083586575,0.26666666666666666,True,ok,,IBL,pykilosort,2024-05-06,alf/probe01/pykilosort,273,30000.0,211,0,reported_peak_channel,21632,4.140112854310648,0.26666666666666666,False,True,True
churchlandlab | CSHL049 | 2020-01-08,4b7fbad4-f6de-43b4-9b15-c7c7ef44db4b,fd555d39-b728-44aa-90d2-796b8bb58300,probe01,/Users/zhuojunyu/ibl_bwm_cache/churchlandlab/Subjects/CSHL049/2020-01-08/001,281,L,1,iSPN_left,0.1349655701956446,39,37.593150383300596,41.642117489169934,0.0,-8.314312435686588e-05,2.9233169698272832e-05,2.8441364797255697,0.3333333333333333,True,ok,,IBL,pykilosort,2024-05-06,alf/probe01/pykilosort,281,30000.0,215,0,reported_peak_channel,13973,2.6742694578995323,0.3,False,True,True
churchlandlab | CSHL049 | 2020-01-08,4b7fbad4-f6de-43b4-9b15-c7c7ef44db4b,fd555d39-b728-44aa-90d2-796b8bb58300,probe01,/Users/zhuojunyu/ibl_bwm_cache/churchlandlab/Subjects/CSHL049/2020-01-08/001,304,R,3,dSPN_right,0.11965968901349176,40,39.00273465603923,42.59252532644398,0.0,-0.00016023714852053672,3.695559280458838e-05,4.335937712265349,0.23333333333333334,True,ok,,IBL,pykilosort,2024-05-06,alf/probe01/pykilosort,304,30000.0,232,0,reported_peak_channel,256175,49.02891135600177,0.23333333333333334,True,False,True
churchlandlab | CSHL049 | 2020-01-08,4b7fbad4-f6de-43b4-9b15-c7c7ef44db4b,fd555d39-b728-44aa-90d2-796b8bb58300,probe01,/Users/zhuojunyu/ibl_bwm_cache/churchlandlab/Subjects/CSHL049/2020-01-08/001,325,L,0,dSPN_left,0.1284273983793142,40,38.6359693346851,42.488791286064526,0.0,-0.00018975260900333524,5.119730849401094e-05,3.706300479165472,0.3,True,ok,,IBL,pykilosort,2024-05-06,alf/probe01/pykilosort,325,30000.0,239,0,reported_peak_channel,11388,2.1795305651298844,0.3,False,True,True
churchlandlab | CSHL049 | 2020-01-08,4b7fbad4-f6de-43b4-9b15-c7c7ef44db4b,fd555d39-b728-44aa-90d2-796b8bb58300,probe01,/Users/zhuojunyu/ibl_bwm_cache/churchlandlab/Subjects/CSHL049/2020-01-08/001,331,L,0,dSPN_left,0.11427047188302074,41,39.69219160657647,43.120305763067094,-1.4334822253658785e-06,-0.00026940079771975434,9.290570812936494e-05,2.8997227742415124,0.23333333333333334,True,ok,,IBL,pykilosort,2024-05-06,alf/probe01/pykilosort,331,30000.0,241,0,reported_peak_channel,62748,12.009236380468035,0.23333333333333334,True,False,True
churchlandlab | CSHL049 | 2020-01-08,4b7fbad4-f6de-43b4-9b15-c7c7ef44db4b,fd555d39-b728-44aa-90d2-796b8bb58300,probe01,/Users/zhuojunyu/ibl_bwm_cache/churchlandlab/Subjects/CSHL049/2020-01-08/001,345,L,1,iSPN_left,0.1105202109290571,41,39.67178780237123,42.98739413024294,0.0,-0.00022598016948904842,4.112872193218209e-05,5.494461263874703,0.3,True,ok,,IBL,pykilosort,2024-05-06,alf/probe01/pykilosort,345,30000.0,245,0,reported_peak_channel,75777,14.502835233038923,0.3,True,False,True
churchlandlab | CSHL049 | 2020-01-08,4b7fbad4-f6de-43b4-9b15-c7c7ef44db4b,fd555d39-b728-44aa-90d2-796b8bb58300,probe01,/Users/zhuojunyu/ibl_bwm_cache/churchlandlab/Subjects/CSHL049/2020-01-08/001,379,R,2,iSPN_right,0.10962764446116183,40,38.8857721411694,42.17460147500425,0.0,-0.00018222791550215334,4.1221868741558865e-05,4.420661194295533,0.26666666666666666,True,ok,,IBL,pykilosort,2024-05-06,alf/probe01/pykilosort,379,30000.0,260,0,reported_peak_channel,49843,9.539369683681842,0.26666666666666666,False,True,True
churchlandlab | CSHL049 | 2020-01-08,4b7fbad4-f6de-43b4-9b15-c7c7ef44db4b,fd555d39-b728-44aa-90d2-796b8bb58300,probe01,/Users/zhuojunyu/ibl_bwm_cache/churchlandlab/Subjects/CSHL049/2020-01-08/001,398,R,2,iSPN_right,0.0859319594679242,41,39.65531524531741,42.23327402935514,-5.597834729087481e-07,-0.00010031350353756352,2.7814593011044053e-05,3.606506250072869,0.23333333333333334,True,ok,,IBL,pykilosort,2024-05-06,alf/probe01/pykilosort,398,30000.0,267,0,reported_peak_channel,78007,14.929631260457226,0.23333333333333334,True,False,True
churchlandlab | CSHL049 | 2020-01-08,4b7fbad4-f6de-43b4-9b15-c7c7ef44db4b,fd555d39-b728-44aa-90d2-796b8bb58300,probe01,/Users/zhuojunyu/ibl_bwm_cache/churchlandlab/Subjects/CSHL049/2020-01-08/001,417,L,0,dSPN_left,0.1193322203982504,40,38.627400629356785,42.2073672413043,0.0,-0.000423852470703423,0.00011008288129232824,3.8503032054354636,0.23333333333333334,True,ok,,IBL,pykilosort,2024-05-06,alf/probe01/pykilosort,417,30000.0,276,0,reported_peak_channel,120161,22.997415897134882,0.23333333333333334,True,False,True
churchlandlab | CSHL049 | 2020-01-08,4b7fbad4-f6de-43b4-9b15-c7c7ef44db4b,fd555d39-b728-44aa-90d2-796b8bb58300,probe01,/Users/zhuojunyu/ibl_bwm_cache/churchlandlab/Subjects/CSHL049/2020-01-08/001,524,L,1,iSPN_left,0.14842189595843583,44,42.899111081353816,47.35176796010689,8.147496259880427e-07,-0.0001353243885091615,0.0001455294089396375,0.9298765761172794,0.5,True,ok,positive_excursion_larger,IBL,pykilosort,2024-05-06,alf/probe01/pykilosort,524,30000.0,325,0,reported_peak_channel,195383,37.394030594201986,-0.1,True,False,True
churchlandlab | CSHL049 | 2020-01-08,4b7fbad4-f6de-43b4-9b15-c7c7ef44db4b,fd555d39-b728-44aa-90d2-796b8bb58300,probe01,/Users/zhuojunyu/ibl_bwm_cache/churchlandlab/Subjects/CSHL049/2020-01-08/001,542,L,0,dSPN_left,0.08844597440900538,41,40.116380384405325,42.769759616675486,-2.819152484789811e-07,-0.0001441694757033929,3.92406010121249e-05,3.6739874513860316,0.23333333333333334,True,ok,,IBL,pykilosort,2024-05-06,alf/probe01/pykilosort,542,30000.0,332,0,reported_peak_channel,49614,9.495541750821399,0.23333333333333334,False,True,True
churchlandlab | CSHL049 | 2020-01-08,4b7fbad4-f6de-43b4-9b15-c7c7ef44db4b,fd555d39-b728-44aa-90d2-796b8bb58300,probe01,/Users/zhuojunyu/ibl_bwm_cache/churchlandlab/Subjects/CSHL049/2020-01-08/001,546,L,0,dSPN_left,0.14159567200612055,40,38.642297152286005,42.89016731246962,0.0,-0.00010795248817885295,2.885192043322604e-05,3.741604945455701,0.3333333333333333,True,ok,,IBL,pykilosort,2024-05-06,alf/probe01/pykilosort,546,30000.0,333,0,reported_peak_channel,54811,10.490187021894458,0.3333333333333333,True,False,True
churchlandlab | CSHL049 | 2020-01-08,4b7fbad4-f6de-43b4-9b15-c7c7ef44db4b,fd555d39-b728-44aa-90d2-796b8bb58300,probe01,/Users/zhuojunyu/ibl_bwm_cache/churchlandlab/Subjects/CSHL049/2020-01-08/001,580,L,0,dSPN_left,0.08336559866294901,41,40.064778300403596,42.565746260292066,-3.0276362394943135e-07,-0.0003280607960505222,9.791984132334619e-05,3.350299506381098,0.2,True,ok,,IBL,pykilosort,2024-05-06,alf/probe01/pykilosort,580,30000.0,341,0,reported_peak_channel,210397,40.267535327681095,0.2,True,False,True
churchlandlab | CSHL049 | 2020-01-08,4b7fbad4-f6de-43b4-9b15-c7c7ef44db4b,fd555d39-b728-44aa-90d2-796b8bb58300,probe01,/Users/zhuojunyu/ibl_bwm_cache/churchlandlab/Subjects/CSHL049/2020-01-08/001,608,L,0,dSPN_left,0.11704954877505926,40,38.699856727865765,42.21134319111754,-3.035430395925687e-08,-9.29361059114342e-05,2.5287895287107176e-05,3.6751222217697532,0.23333333333333334,True,ok,,IBL,pykilosort,2024-05-06,alf/probe01/pykilosort,608,30000.0,356,0,reported_peak_channel,72521,13.879674755337579,0.23333333333333334,True,False,True
churchlandlab | CSHL049 | 2020-01-08,4b7fbad4-f6de-43b4-9b15-c7c7ef44db4b,fd555d39-b728-44aa-90d2-796b8bb58300,probe01,/Users/zhuojunyu/ibl_bwm_cache/churchlandlab/Subjects/CSHL049/2020-01-08/001,616,L,1,iSPN_left,0.13196067643994858,40,38.646155506572384,42.60497579977084,0.0,-8.709037501830608e-05,2.2238140445551835e-05,3.9162615791342508,0.3,True,ok,,IBL,pykilosort,2024-05-06,alf/probe01/pykilosort,616,30000.0,359,0,reported_peak_channel,57614,11.026648575640424,0.3333333333333333,True,False,True
churchlandlab | CSHL049 | 2020-01-08,4b7fbad4-f6de-43b4-9b15-c7c7ef44db4b,fd555d39-b728-44aa-90d2-796b8bb58300,probe01,/Users/zhuojunyu/ibl_bwm_cache/churchlandlab/Subjects/CSHL049/2020-01-08/001,626,L,1,iSPN_left,0.11511838855845251,41,39.63845617343783,43.092007830191406,0.0,-0.00016411053366027772,3.771029878407717e-05,4.351875719679312,0.26666666666666666,True,ok,,IBL,pykilosort,2024-05-06,alf/probe01/pykilosort,626,30000.0,363,0,reported_peak_channel,47602,9.110468384379413,0.26666666666666666,False,True,True
churchlandlab | CSHL049 | 2020-01-08,4b7fbad4-f6de-43b4-9b15-c7c7ef44db4b,fd555d39-b728-44aa-90d2-796b8bb58300,probe01,/Users/zhuojunyu/ibl_bwm_cache/churchlandlab/Subjects/CSHL049/2020-01-08/001,628,R,3,dSPN_right,0.10551040964891503,40,38.651084229646216,41.81639651911367,-1.0182301224404e-08,-9.735548195877186e-05,3.177586728142501e-05,3.063818245983242,0.23333333333333334,True,ok,,IBL,pykilosort,2024-05-06,alf/probe01/pykilosort,628,30000.0,364,0,reported_peak_channel,38102,7.292279029906819,0.26666666666666666,False,True,True
churchlandlab | CSHL049 | 2020-01-08,4b7fbad4-f6de-43b4-9b15-c7c7ef44db4b,fd555d39-b728-44aa-90d2-796b8bb58300,probe01,/Users/zhuojunyu/ibl_bwm_cache/churchlandlab/Subjects/CSHL049/2020-01-08/001,633,L,0,dSPN_left,0.08522633799951247,41,39.87730775917768,42.434097899163056,-1.1674507049974636e-06,-0.00021622962083256425,9.673767783624498e-05,2.2352161605387315,0.16666666666666666,True,ok,,IBL,pykilosort,2024-05-06,alf/probe01/pykilosort,633,30000.0,365,0,reported_peak_channel,72048,13.789148064320154,0.16666666666666666,True,False,True
churchlandlab | CSHL049 | 2020-01-08,4b7fbad4-f6de-43b4-9b15-c7c7ef44db4b,fd555d39-b728-44aa-90d2-796b8bb58300,probe01,/Users/zhuojunyu/ibl_bwm_cache/churchlandlab/Subjects/CSHL049/2020-01-08/001,735,L,0,dSPN_left,0.09060296541692689,41,39.51906824836528,42.237157210873086,-7.397524655061716e-07,-0.00016575649493688616,4.491138173534637e-05,3.6907458317282567,0.23333333333333334,True,ok,,IBL,pykilosort,2024-05-06,alf/probe01/pykilosort,735,30000.0,230,0,reported_peak_channel,13471,2.5781925046421383,0.23333333333333334,False,True,True
churchlandlab | CSHL049 | 2020-01-08,4b7fbad4-f6de-43b4-9b15-c7c7ef44db4b,fd555d39-b728-44aa-90d2-796b8bb58300,probe01,/Users/zhuojunyu/ibl_bwm_cache/churchlandlab/Subjects/CSHL049/2020-01-08/001,745,L,1,iSPN_left,0.09343540362137308,41,39.93420531796551,42.7372674266067,-6.732825568178669e-07,-0.00016780247642600443,4.4125705244368874e-05,3.8028282040300905,0.26666666666666666,True,ok,,IBL,pykilosort,2024-05-06,alf/probe01/pykilosort,745,30000.0,245,0,reported_peak_channel,17802,3.407095461928539,-0.1,False,True,True
churchlandlab | CSHL049 | 2020-01-08,4b7fbad4-f6de-43b4-9b15-c7c7ef44db4b,fd555d39-b728-44aa-90d2-796b8bb58300,probe01,/Users/zhuojunyu/ibl_bwm_cache/churchlandlab/Subjects/CSHL049/2020-01-08/001,759,L,1,iSPN_left,0.0793194937315903,41,39.527555518,41.90714032994771,-7.077824193402193e-07,-0.00010061633747682208,4.3632687265926506e-05,2.305985346802031,0.16666666666666666,True,ok,,IBL,pykilosort,2024-05-06,alf/probe01/pykilosort,759,30000.0,277,0,reported_peak_channel,52183,9.987218429941409,0.16666666666666666,False,True,True
zadorlab | CSH_ZAD_026 | 2020-08-17,81a78eac-9d36-4f90-a73a-7eb3ad7f770b,5011eba9-8926-4a73-b729-579d02676d25,probe00,/Users/zhuojunyu/ibl_bwm_cache/zadorlab/Subjects/CSH_ZAD_026/2020-08-17/001,77,R,2,iSPN_right,0.2086552738236262,41,38.412217244397105,44.67187545910589,-1.9839669676002814e-06,-7.015902269813523e-05,3.8959241237535025e-05,1.8008313424374647,0.3333333333333333,True,ok,,IBL,pykilosort,2024-05-06,alf/probe00/pykilosort,77,30000.0,35,0,reported_peak_channel,48752,8.373751984003286,0.3333333333333333,False,True,False
zadorlab | CSH_ZAD_026 | 2020-08-17,81a78eac-9d36-4f90-a73a-7eb3ad7f770b,5011eba9-8926-4a73-b729-579d02676d25,probe00,/Users/zhuojunyu/ibl_bwm_cache/zadorlab/Subjects/CSH_ZAD_026/2020-08-17/001,82,R,2,iSPN_right,0.24110820541796893,40,37.75313219298143,44.9863783555205,0.0,-5.7228095101891086e-05,2.433856570860371e-05,2.3513339194700733,0.6666666666666666,True,ok,,IBL,pykilosort,2024-05-06,alf/probe00/pykilosort,82,30000.0,38,0,reported_peak_channel,12489,2.1451384256690402,0.6666666666666666,False,True,False
zadorlab | CSH_ZAD_026 | 2020-08-17,81a78eac-9d36-4f90-a73a-7eb3ad7f770b,5011eba9-8926-4a73-b729-579d02676d25,probe00,/Users/zhuojunyu/ibl_bwm_cache/zadorlab/Subjects/CSH_ZAD_026/2020-08-17/001,85,R,2,iSPN_right,0.20907375145071944,40,36.48694365249191,42.75915619601349,-1.1814862546088989e-06,-7.408305657463643e-05,4.387491014767875e-05,1.688506171870893,0.4,True,ok,,IBL,pykilosort,2024-05-06,alf/probe00/pykilosort,85,30000.0,40,0,reported_peak_channel,79613,13.67450600390658,0.4333333333333333,False,True,False
zadorlab | CSH_ZAD_026 | 2020-08-17,81a78eac-9d36-4f90-a73a-7eb3ad7f770b,5011eba9-8926-4a73-b729-579d02676d25,probe00,/Users/zhuojunyu/ibl_bwm_cache/zadorlab/Subjects/CSH_ZAD_026/2020-08-17/001,89,L,1,dSPN_left,0.1672467897819639,41,38.914892998860395,43.93229669231931,1.14447509247384e-07,-8.466862743006232e-05,1.8809523346874357e-05,4.501370176620238,0.6666666666666666,True,ok,,IBL,pykilosort,2024-05-06,alf/probe00/pykilosort,89,30000.0,42,0,reported_peak_channel,18379,3.156817929807934,0.6333333333333333,False,True,False
zadorlab | CSH_ZAD_026 | 2020-08-17,81a78eac-9d36-4f90-a73a-7eb3ad7f770b,5011eba9-8926-4a73-b729-579d02676d25,probe00,/Users/zhuojunyu/ibl_bwm_cache/zadorlab/Subjects/CSH_ZAD_026/2020-08-17/001,95,R,2,iSPN_right,0.09178668197895305,40,38.93128905881251,41.6848895181811,0.0,-5.420358866103925e-05,5.306504317559302e-05,1.0214556592685464,0.16666666666666666,True,ok,,IBL,pykilosort,2024-05-06,alf/probe00/pykilosort,95,30000.0,44,0,reported_peak_channel,105785,18.16986695166942,-0.1,True,False,True
zadorlab | CSH_ZAD_026 | 2020-08-17,81a78eac-9d36-4f90-a73a-7eb3ad7f770b,5011eba9-8926-4a73-b729-579d02676d25,probe00,/Users/zhuojunyu/ibl_bwm_cache/zadorlab/Subjects/CSH_ZAD_026/2020-08-17/001,96,L,1,dSPN_left,0.19177500298209177,40,37.81143168942682,43.56468177888957,0.0,-0.00022514960437547415,6.091207978897728e-05,3.6963046600194644,0.7666666666666667,True,ok,,IBL,pykilosort,2024-05-06,alf/probe00/pykilosort,96,30000.0,44,0,reported_peak_channel,10029,1.7226033526331013,0.7333333333333334,False,True,False
zadorlab | CSH_ZAD_026 | 2020-08-17,81a78eac-9d36-4f90-a73a-7eb3ad7f770b,5011eba9-8926-4a73-b729-579d02676d25,probe00,/Users/zhuojunyu/ibl_bwm_cache/zadorlab/Subjects/CSH_ZAD_026/2020-08-17/001,97,R,2,iSPN_right,0.14377888107486428,40,37.97576044823195,42.28912688047788,-1.6395821376136155e-06,-0.00015100088455710647,9.161982927707868e-05,1.648124491701969,0.3,True,ok,,IBL,pykilosort,2024-05-06,alf/probe00/pykilosort,97,30000.0,44,0,reported_peak_channel,106785,18.34162917648078,0.26666666666666666,True,False,True
zadorlab | CSH_ZAD_026 | 2020-08-17,81a78eac-9d36-4f90-a73a-7eb3ad7f770b,5011eba9-8926-4a73-b729-579d02676d25,probe00,/Users/zhuojunyu/ibl_bwm_cache/zadorlab/Subjects/CSH_ZAD_026/2020-08-17/001,100,L,1,dSPN_left,0.20859576524160442,41,38.6707026556839,44.92857561293203,0.0,-0.00013423943892121315,4.7969864681363106e-05,2.7984118740565647,0.7,True,ok,,IBL,pykilosort,2024-05-06,alf/probe00/pykilosort,100,30000.0,46,0,reported_peak_channel,37091,6.37083268047805,0.6666666666666666,False,True,False
zadorlab | CSH_ZAD_026 | 2020-08-17,81a78eac-9d36-4f90-a73a-7eb3ad7f770b,5011eba9-8926-4a73-b729-579d02676d25,probe00,/Users/zhuojunyu/ibl_bwm_cache/zadorlab/Subjects/CSH_ZAD_026/2020-08-17/001,129,L,1,dSPN_left,0.2141857499915955,40,37.54598012253669,43.971552622284555,0.0,-8.54723621159792e-05,3.178794213454239e-05,2.6888296749194276,0.6333333333333333,True,ok,,IBL,pykilosort,2024-05-06,alf/probe00/pykilosort,129,30000.0,60,0,reported_peak_channel,2973,0.510649094364165,0.6333333333333333,False,True,False
zadorlab | CSH_ZAD_026 | 2020-08-17,81a78eac-9d36-4f90-a73a-7eb3ad7f770b,5011eba9-8926-4a73-b729-579d02676d25,probe00,/Users/zhuojunyu/ibl_bwm_cache/zadorlab/Subjects/CSH_ZAD_026/2020-08-17/001,131,L,0,iSPN_left,0.23816440367748726,40,37.293930881109105,44.43886299143372,6.083871539885877e-08,-5.454491554246488e-05,1.7859046351986763e-05,3.054189706853912,0.7333333333333333,True,ok,,IBL,pykilosort,2024-05-06,alf/probe00/pykilosort,131,30000.0,61,0,reported_peak_channel,43145,7.410681189486006,0.7333333333333334,False,True,False
zadorlab | CSH_ZAD_026 | 2020-08-17,81a78eac-9d36-4f90-a73a-7eb3ad7f770b,5011eba9-8926-4a73-b729-579d02676d25,probe00,/Users/zhuojunyu/ibl_bwm_cache/zadorlab/Subjects/CSH_ZAD_026/2020-08-17/001,135,R,3,dSPN_right,0.1710606037157888,40,37.95475047904156,43.08656859051522,0.0,-0.00013243110151961446,3.9388283767038956e-05,3.3621952736726226,0.7333333333333333,True,ok,,IBL,pykilosort,2024-05-06,alf/probe00/pykilosort,135,30000.0,63,0,reported_peak_channel,43845,7.530914746853957,0.7333333333333334,False,True,False
zadorlab | CSH_ZAD_026 | 2020-08-17,81a78eac-9d36-4f90-a73a-7eb3ad7f770b,5011eba9-8926-4a73-b729-579d02676d25,probe00,/Users/zhuojunyu/ibl_bwm_cache/zadorlab/Subjects/CSH_ZAD_026/2020-08-17/001,136,R,2,iSPN_right,0.18621411581984024,40,38.286049198930606,43.87247267352581,1.019385962308661e-07,-6.301579075795871e-05,1.9318914681321075e-05,3.261870130773285,0.6666666666666666,True,ok,,IBL,pykilosort,2024-05-06,alf/probe00/pykilosort,136,30000.0,64,0,reported_peak_channel,38173,6.556679407723938,0.6666666666666666,False,True,False
zadorlab | CSH_ZAD_026 | 2020-08-17,81a78eac-9d36-4f90-a73a-7eb3ad7f770b,5011eba9-8926-4a73-b729-579d02676d25,probe00,/Users/zhuojunyu/ibl_bwm_cache/zadorlab/Subjects/CSH_ZAD_026/2020-08-17/001,148,L,1,dSPN_left,0.18132293498643717,40,37.76876003916069,43.208448088753805,0.0,-6.344789289869368e-05,1.7419835785403848e-05,3.6422784738221776,0.6666666666666666,True,ok,,IBL,pykilosort,2024-05-06,alf/probe00/pykilosort,148,30000.0,68,0,reported_peak_channel,13072,2.2452758027340614,0.6666666666666666,False,True,False
zadorlab | CSH_ZAD_026 | 2020-08-17,81a78eac-9d36-4f90-a73a-7eb3ad7f770b,5011eba9-8926-4a73-b729-579d02676d25,probe00,/Users/zhuojunyu/ibl_bwm_cache/zadorlab/Subjects/CSH_ZAD_026/2020-08-17/001,203,L,1,dSPN_left,0.1653777304099961,40,38.23896058607046,43.200292498370345,4.561686068882409e-07,-0.00013900131551736195,5.0284668134281674e-05,2.7642882149717822,0.7666666666666667,True,ok,,IBL,pykilosort,2024-05-06,alf/probe00/pykilosort,203,30000.0,89,0,reported_peak_channel,19120,3.2840937383931497,-0.16666666666666666,False,True,False
zadorlab | CSH_ZAD_026 | 2020-08-17,81a78eac-9d36-4f90-a73a-7eb3ad7f770b,5011eba9-8926-4a73-b729-579d02676d25,probe00,/Users/zhuojunyu/ibl_bwm_cache/zadorlab/Subjects/CSH_ZAD_026/2020-08-17/001,208,L,0,iSPN_left,0.20748905520366825,41,38.47415894927222,44.69883060538227,1.657834900470334e-07,-9.809052505715954e-05,2.780491297471599e-05,3.527812697934239,0.7333333333333333,True,ok,,IBL,pykilosort,2024-05-06,alf/probe00/pykilosort,208,30000.0,93,0,reported_peak_channel,18422,3.164203705474822,0.7,False,True,False
zadorlab | CSH_ZAD_026 | 2020-08-17,81a78eac-9d36-4f90-a73a-7eb3ad7f770b,5011eba9-8926-4a73-b729-579d02676d25,probe00,/Users/zhuojunyu/ibl_bwm_cache/zadorlab/Subjects/CSH_ZAD_026/2020-08-17/001,218,R,2,iSPN_right,0.25132104563498125,40,37.33692189596265,44.876553265012085,0.0,-4.364056803751737e-05,1.9682453057612292e-05,2.2172321666297155,0.6666666666666666,True,ok,,IBL,pykilosort,2024-05-06,alf/probe00/pykilosort,218,30000.0,97,0,reported_peak_channel,24061,4.132770891186065,0.6666666666666666,False,True,False
zadorlab | CSH_ZAD_026 | 2020-08-17,81a78eac-9d36-4f90-a73a-7eb3ad7f770b,5011eba9-8926-4a73-b729-579d02676d25,probe00,/Users/zhuojunyu/ibl_bwm_cache/zadorlab/Subjects/CSH_ZAD_026/2020-08-17/001,222,R,2,iSPN_right,0.15395579920032695,40,38.13296458802234,42.75163856403215,0.0,-0.00018835414084605873,4.4332256948109716e-05,4.248692798711435,0.5333333333333333,True,ok,,IBL,pykilosort,2024-05-06,alf/probe00/pykilosort,222,30000.0,99,0,reported_peak_channel,1550,0.26623144845760366,0.5666666666666667,False,True,False
zadorlab | CSH_ZAD_026 | 2020-08-17,81a78eac-9d36-4f90-a73a-7eb3ad7f770b,5011eba9-8926-4a73-b729-579d02676d25,probe00,/Users/zhuojunyu/ibl_bwm_cache/zadorlab/Subjects/CSH_ZAD_026/2020-08-17/001,228,R,2,iSPN_right,0.09329663479264051,41,39.5105843191093,42.309483362888514,0.0,-4.660152626456693e-05,1.0204023055848666e-05,4.566975790774621,0.23333333333333334,True,ok,,IBL,pykilosort,2024-05-06,alf/probe00/pykilosort,228,30000.0,103,0,reported_peak_channel,43557,7.481447226108285,0.23333333333333334,False,True,True
zadorlab | CSH_ZAD_026 | 2020-08-17,81a78eac-9d36-4f90-a73a-7eb3ad7f770b,5011eba9-8926-4a73-b729-579d02676d25,probe00,/Users/zhuojunyu/ibl_bwm_cache/zadorlab/Subjects/CSH_ZAD_026/2020-08-17/001,235,L,0,iSPN_left,0.2139696971002067,40,37.86766710695367,44.28675801995987,1.3613720284411102e-06,-8.673913214352069e-05,2.2928299244995287e-05,3.7830600175219633,0.7,True,ok,,IBL,pykilosort,2024-05-06,alf/probe00/pykilosort,235,30000.0,106,0,reported_peak_channel,24172,4.151836498140126,0.6,False,True,False
zadorlab | CSH_ZAD_026 | 2020-08-17,81a78eac-9d36-4f90-a73a-7eb3ad7f770b,5011eba9-8926-4a73-b729-579d02676d25,probe00,/Users/zhuojunyu/ibl_bwm_cache/zadorlab/Subjects/CSH_ZAD_026/2020-08-17/001,241,R,3,dSPN_right,0.14806769018285498,40,37.85323702590769,42.29526773139334,-3.4677856319831335e-07,-0.00012772616986467256,3.502250461906442e-05,3.6469741742897823,0.3,True,ok,,IBL,pykilosort,2024-05-06,alf/probe00/pykilosort,241,30000.0,109,0,reported_peak_channel,42931,7.373924073376376,0.26666666666666666,False,True,True
zadorlab | CSH_ZAD_026 | 2020-08-17,81a78eac-9d36-4f90-a73a-7eb3ad7f770b,5011eba9-8926-4a73-b729-579d02676d25,probe00,/Users/zhuojunyu/ibl_bwm_cache/zadorlab/Subjects/CSH_ZAD_026/2020-08-17/001,243,L,1,dSPN_left,0.19817593339015857,41,38.98463570300508,44.92991370470984,9.198676309551956e-08,-9.488287152237262e-05,2.297335184664462e-05,4.130127469241315,0.6,True,ok,,IBL,pykilosort,2024-05-06,alf/probe00/pykilosort,243,30000.0,110,0,reported_peak_channel,28368,4.872550793448581,-0.16666666666666666,False,True,False
zadorlab | CSH_ZAD_026 | 2020-08-17,81a78eac-9d36-4f90-a73a-7eb3ad7f770b,5011eba9-8926-4a73-b729-579d02676d25,probe00,/Users/zhuojunyu/ibl_bwm_cache/zadorlab/Subjects/CSH_ZAD_026/2020-08-17/001,244,L,1,dSPN_left,0.17439418678894564,40,37.494470211618754,42.72629581528712,-9.053575240614009e-07,-5.448667513974215e-05,3.427142576128972e-05,1.5898572624103071,0.3,True,ok,,IBL,pykilosort,2024-05-06,alf/probe00/pykilosort,244,30000.0,110,0,reported_peak_channel,37533,6.446751583844669,0.3,False,True,False
zadorlab | CSH_ZAD_026 | 2020-08-17,81a78eac-9d36-4f90-a73a-7eb3ad7f770b,5011eba9-8926-4a73-b729-579d02676d25,probe00,/Users/zhuojunyu/ibl_bwm_cache/zadorlab/Subjects/CSH_ZAD_026/2020-08-17/001,253,R,2,iSPN_right,0.16188787039044714,40,37.84808482013544,42.704720931848854,4.356827957963105e-06,-0.00019770965354837244,3.25287046507583e-05,6.078005738963955,0.8333333333333334,True,ok,,IBL,pykilosort,2024-05-06,alf/probe00/pykilosort,253,30000.0,113,0,reported_peak_channel,24707,4.243729288414202,0.8,False,True,False
zadorlab | CSH_ZAD_026 | 2020-08-17,81a78eac-9d36-4f90-a73a-7eb3ad7f770b,5011eba9-8926-4a73-b729-579d02676d25,probe00,/Users/zhuojunyu/ibl_bwm_cache/zadorlab/Subjects/CSH_ZAD_026/2020-08-17/001,259,L,1,dSPN_left,0.14424302469429762,40,37.82718822476083,42.15447896558976,-6.033554313944478e-07,-5.0887548866285215e-05,1.6522945145425183e-05,3.0798110396423355,0.3333333333333333,True,ok,,IBL,pykilosort,2024-05-06,alf/probe00/pykilosort,259,30000.0,115,0,reported_peak_channel,5493,0.943489900888785,0.3333333333333333,False,True,True
zadorlab | CSH_ZAD_026 | 2020-08-17,81a78eac-9d36-4f90-a73a-7eb3ad7f770b,5011eba9-8926-4a73-b729-579d02676d25,probe00,/Users/zhuojunyu/ibl_bwm_cache/zadorlab/Subjects/CSH_ZAD_026/2020-08-17/001,271,L,1,dSPN_left,0.26818038936101135,40,36.87348799651733,44.918899677347675,-9.593327376933303e-07,-4.5151943140808726e-05,3.496026101856842e-05,1.2915219116020675,0.36666666666666664,True,ok,,IBL,pykilosort,2024-05-06,alf/probe00/pykilosort,271,30000.0,118,0,reported_peak_channel,40559,6.966504076123837,0.3666666666666667,False,True,False
zadorlab | CSH_ZAD_026 | 2020-08-17,81a78eac-9d36-4f90-a73a-7eb3ad7f770b,5011eba9-8926-4a73-b729-579d02676d25,probe00,/Users/zhuojunyu/ibl_bwm_cache/zadorlab/Subjects/CSH_ZAD_026/2020-08-17/001,275,L,1,dSPN_left,0.17400819317730337,40,38.10102433379295,43.32127012911205,0.0,-0.00018650807032827288,4.433525828062557e-05,4.20676629755367,0.7,True,ok,,IBL,pykilosort,2024-05-06,alf/probe00/pykilosort,275,30000.0,122,0,reported_peak_channel,13216,2.2700095631068966,0.7,False,True,False
zadorlab | CSH_ZAD_026 | 2020-08-17,81a78eac-9d36-4f90-a73a-7eb3ad7f770b,5011eba9-8926-4a73-b729-579d02676d25,probe00,/Users/zhuojunyu/ibl_bwm_cache/zadorlab/Subjects/CSH_ZAD_026/2020-08-17/001,347,R,3,dSPN_right,0.08721023580488894,41,40.05161361986458,42.66792069401125,0.0,-7.783851469866931e-05,1.9805353076662868e-05,3.9301755640190197,0.23333333333333334,True,ok,,IBL,pykilosort,2024-05-06,alf/probe00/pykilosort,347,30000.0,157,0,reported_peak_channel,83454,14.334244709407004,0.23333333333333334,True,False,True
zadorlab | CSH_ZAD_026 | 2020-08-17,81a78eac-9d36-4f90-a73a-7eb3ad7f770b,5011eba9-8926-4a73-b729-579d02676d25,probe00,/Users/zhuojunyu/ibl_bwm_cache/zadorlab/Subjects/CSH_ZAD_026/2020-08-17/001,728,L,1,dSPN_left,0.2987040955277003,41,37.43758899795833,46.39871186378934,5.244189651421038e-07,-4.990386946701619e-05,1.777655165824399e-05,2.807286273874886,0.6666666666666666,True,ok,,IBL,pykilosort,2024-05-06,alf/probe00/pykilosort,728,30000.0,44,0,reported_peak_channel,1631,0.2801441886673236,0.6666666666666666,False,True,False
zadorlab | CSH_ZAD_026 | 2020-08-17,81a78eac-9d36-4f90-a73a-7eb3ad7f770b,5011eba9-8926-4a73-b729-579d02676d25,probe00,/Users/zhuojunyu/ibl_bwm_cache/zadorlab/Subjects/CSH_ZAD_026/2020-08-17/001,745,L,1,dSPN_left,0.21047875738454375,41,39.44942149461749,45.7637842161538,5.990751787976478e-07,-8.742128750327538e-05,2.603254495170404e-05,3.3581537135712485,0.6,True,ok,,IBL,pykilosort,2024-05-06,alf/probe00/pykilosort,745,30000.0,110,0,reported_peak_channel,4730,0.8124353233577195,0.6,False,True,False
danlab | DY_014 | 2020-07-18,ee8b36de-779f-4dea-901f-e0141c95722b,1ef94d02-d51a-491f-a313-1bb5238d6b8b,probe01,/Users/zhuojunyu/ibl_bwm_cache/danlab/Subjects/DY_014/2020-07-18/001,200,L,0,iSPN_left,0.2790078548429006,40,36.34855869344847,44.718794338735485,1.5048156853936234e-07,-8.05466772675345e-05,2.7306928828352284e-05,2.9496791006356,0.6333333333333333,True,ok,,IBL,pykilosort,2024-05-06,alf/probe01/pykilosort,200,30000.0,129,0,reported_peak_channel,9444,2.0546775472584162,0.5666666666666667,False,True,False
danlab | DY_014 | 2020-07-18,ee8b36de-779f-4dea-901f-e0141c95722b,1ef94d02-d51a-491f-a313-1bb5238d6b8b,probe01,/Users/zhuojunyu/ibl_bwm_cache/danlab/Subjects/DY_014/2020-07-18/001,206,L,0,iSPN_left,0.18556075252440013,42,38.90172694900517,44.46854952473718,-2.9520906537072733e-06,-9.782137749425601e-05,6.331989243335556e-05,1.5448759265852101,0.3,True,ok,,IBL,pykilosort,2024-05-06,alf/probe01/pykilosort,206,30000.0,132,0,reported_peak_channel,92569,20.13971260823426,0.3,False,True,False
danlab | DY_014 | 2020-07-18,ee8b36de-779f-4dea-901f-e0141c95722b,1ef94d02-d51a-491f-a313-1bb5238d6b8b,probe01,/Users/zhuojunyu/ibl_bwm_cache/danlab/Subjects/DY_014/2020-07-18/001,243,L,0,iSPN_left,0.223900872848557,40,38.08147800673225,44.79850419218896,1.1803191455328488e-06,-7.181471175954357e-05,2.831210383646976e-05,2.5365374531805953,0.6333333333333333,True,ok,,IBL,pykilosort,2024-05-06,alf/probe01/pykilosort,243,30000.0,151,0,reported_peak_channel,29925,6.510612621951303,-0.16666666666666666,False,True,False
danlab | DY_014 | 2020-07-18,ee8b36de-779f-4dea-901f-e0141c95722b,1ef94d02-d51a-491f-a313-1bb5238d6b8b,probe01,/Users/zhuojunyu/ibl_bwm_cache/danlab/Subjects/DY_014/2020-07-18/001,247,R,3,iSPN_right,0.22205337030554093,40,37.28683374223506,43.94843485140129,8.113571539070108e-07,-6.192104103774909e-05,1.9514172322487866e-05,3.173131814890869,0.7,True,ok,,IBL,pykilosort,2024-05-06,alf/probe01/pykilosort,247,30000.0,153,0,reported_peak_channel,19306,4.200296985109168,-0.16666666666666666,False,True,False
danlab | DY_014 | 2020-07-18,ee8b36de-779f-4dea-901f-e0141c95722b,1ef94d02-d51a-491f-a313-1bb5238d6b8b,probe01,/Users/zhuojunyu/ibl_bwm_cache/danlab/Subjects/DY_014/2020-07-18/001,271,R,3,iSPN_right,0.2150179344318827,41,38.50016290428333,44.95070093723981,2.001855818889453e-06,-7.616493508066924e-05,1.4468958625002415e-05,5.264023282854368,0.8666666666666667,True,ok,,IBL,pykilosort,2024-05-06,alf/probe01/pykilosort,271,30000.0,164,0,reported_peak_channel,12228,2.660376646323159,0.7,False,True,False
danlab | DY_014 | 2020-07-18,ee8b36de-779f-4dea-901f-e0141c95722b,1ef94d02-d51a-491f-a313-1bb5238d6b8b,probe01,/Users/zhuojunyu/ibl_bwm_cache/danlab/Subjects/DY_014/2020-07-18/001,285,R,2,dSPN_right,0.19051124978928985,40,37.297469433703675,43.01280692738237,0.0,-0.00010221168486168608,2.5640068997745402e-05,3.9864044387194832,0.6333333333333333,True,ok,,IBL,pykilosort,2024-05-06,alf/probe01/pykilosort,285,30000.0,173,0,reported_peak_channel,8566,1.8636560641481992,0.5666666666666667,False,True,False
danlab | DY_014 | 2020-07-18,ee8b36de-779f-4dea-901f-e0141c95722b,1ef94d02-d51a-491f-a313-1bb5238d6b8b,probe01,/Users/zhuojunyu/ibl_bwm_cache/danlab/Subjects/DY_014/2020-07-18/001,288,L,0,iSPN_left,0.1572296879831467,41,38.71677026170748,43.43366090120188,-2.3351103664026596e-06,-0.00010207618379354244,4.977073422196554e-05,2.0509278271505327,0.3,True,ok,,IBL,pykilosort,2024-05-06,alf/probe01/pykilosort,288,30000.0,174,0,reported_peak_channel,28219,6.139447872308899,0.3,False,True,False
danlab | DY_014 | 2020-07-18,ee8b36de-779f-4dea-901f-e0141c95722b,1ef94d02-d51a-491f-a313-1bb5238d6b8b,probe01,/Users/zhuojunyu/ibl_bwm_cache/danlab/Subjects/DY_014/2020-07-18/001,321,R,2,dSPN_right,0.6952610166106052,58,50.44695381997382,71.30478431829198,0.0,-1.6346402844646946e-05,8.518626418663189e-05,0.19189012454911897,0.7666666666666667,True,ok,positive_excursion_larger,IBL,pykilosort,2024-05-06,alf/probe01/pykilosort,321,30000.0,189,0,reported_peak_channel,58814,12.795828596405812,-0.5666666666666667,False,True,False
danlab | DY_014 | 2020-07-18,ee8b36de-779f-4dea-901f-e0141c95722b,1ef94d02-d51a-491f-a313-1bb5238d6b8b,probe01,/Users/zhuojunyu/ibl_bwm_cache/danlab/Subjects/DY_014/2020-07-18/001,324,R,3,iSPN_right,0.19873140051013252,41,38.55236917233097,44.514311187634945,0.0,-0.00012055688421241939,3.2441068469779566e-05,3.716181059964902,0.6333333333333333,True,ok,,IBL,pykilosort,2024-05-06,alf/probe01/pykilosort,324,30000.0,190,0,reported_peak_channel,19080,4.15112744617647,0.6333333333333333,False,True,False
danlab | DY_014 | 2020-07-18,ee8b36de-779f-4dea-901f-e0141c95722b,1ef94d02-d51a-491f-a313-1bb5238d6b8b,probe01,/Users/zhuojunyu/ibl_bwm_cache/danlab/Subjects/DY_014/2020-07-18/001,332,R,3,iSPN_right,0.09466195331440232,41,39.50345578661229,42.34331438604436,-1.5300365419079753e-07,-6.121002179781954e-05,1.4187161738732357e-05,4.314465636259726,0.23333333333333334,True,ok,,IBL,pykilosort,2024-05-06,alf/probe01/pykilosort,332,30000.0,193,0,reported_peak_channel,29867,6.497993890720787,0.23333333333333334,False,True,True
danlab | DY_014 | 2020-07-18,ee8b36de-779f-4dea-901f-e0141c95722b,1ef94d02-d51a-491f-a313-1bb5238d6b8b,probe01,/Users/zhuojunyu/ibl_bwm_cache/danlab/Subjects/DY_014/2020-07-18/001,346,R,2,dSPN_right,0.2703728761645581,40,36.903250298303504,45.01443658324025,-6.269368100220163e-07,-3.1255057990620116e-05,1.9522262221016717e-05,1.6009957061724354,0.5,True,ok,,IBL,pykilosort,2024-05-06,alf/probe01/pykilosort,346,30000.0,199,0,reported_peak_channel,91402,19.885815033303025,0.5,False,True,False
danlab | DY_014 | 2020-07-18,ee8b36de-779f-4dea-901f-e0141c95722b,1ef94d02-d51a-491f-a313-1bb5238d6b8b,probe01,/Users/zhuojunyu/ibl_bwm_cache/danlab/Subjects/DY_014/2020-07-18/001,392,R,2,dSPN_right,0.23121439852335446,41,37.20153261110577,44.1379645668064,0.0,-5.7905384892364964e-05,2.5260495021939278e-05,2.2923297758841583,0.4666666666666667,True,ok,,IBL,pykilosort,2024-05-06,alf/probe01/pykilosort,392,30000.0,226,0,reported_peak_channel,23683,5.152576064349965,0.4666666666666667,False,True,False
danlab | DY_014 | 2020-07-18,ee8b36de-779f-4dea-901f-e0141c95722b,1ef94d02-d51a-491f-a313-1bb5238d6b8b,probe01,/Users/zhuojunyu/ibl_bwm_cache/danlab/Subjects/DY_014/2020-07-18/001,466,R,3,iSPN_right,0.08805971339222698,41,39.65223240453471,42.29402380630152,0.0,-0.00010028430551756173,2.627846333780326e-05,3.8162165050684798,0.23333333333333334,True,ok,,IBL,pykilosort,2024-05-06,alf/probe01/pykilosort,466,30000.0,256,0,reported_peak_channel,61215,13.318200556482841,-0.1,True,False,True
danlab | DY_014 | 2020-07-18,ee8b36de-779f-4dea-901f-e0141c95722b,1ef94d02-d51a-491f-a313-1bb5238d6b8b,probe01,/Users/zhuojunyu/ibl_bwm_cache/danlab/Subjects/DY_014/2020-07-18/001,504,R,2,dSPN_right,0.15085632872490368,41,39.191810469778794,43.717500331525905,5.143857379152905e-06,-0.0003349350181451882,4.899552823189879e-05,6.836032393811953,0.6333333333333333,True,ok,,IBL,pykilosort,2024-05-06,alf/probe01/pykilosort,504,30000.0,271,0,reported_peak_channel,35532,7.7304958290116526,0.5666666666666667,False,True,False
danlab | DY_014 | 2020-07-18,ee8b36de-779f-4dea-901f-e0141c95722b,1ef94d02-d51a-491f-a313-1bb5238d6b8b,probe01,/Users/zhuojunyu/ibl_bwm_cache/danlab/Subjects/DY_014/2020-07-18/001,512,L,0,iSPN_left,0.20172300157762493,43,40.82775093192902,46.879440979257765,1.2127181889809435e-06,-8.498554757352395e-05,5.0752171091517084e-05,1.6745204342150548,0.6666666666666666,True,ok,,IBL,pykilosort,2024-05-06,alf/probe01/pykilosort,512,30000.0,274,0,reported_peak_channel,28831,6.272597243223994,-0.16666666666666666,False,True,False
danlab | DY_014 | 2020-07-18,ee8b36de-779f-4dea-901f-e0141c95722b,1ef94d02-d51a-491f-a313-1bb5238d6b8b,probe01,/Users/zhuojunyu/ibl_bwm_cache/danlab/Subjects/DY_014/2020-07-18/001,520,R,2,dSPN_right,0.09480590234466722,40,38.85490556323079,41.699082633570804,-2.2722251458162646e-07,-7.261695118643274e-05,2.232924616407672e-05,3.2521004360307897,0.26666666666666666,True,ok,,IBL,pykilosort,2024-05-06,alf/probe01/pykilosort,520,30000.0,279,0,reported_peak_channel,19962,4.3430191866129295,0.26666666666666666,False,True,True
danlab | DY_014 | 2020-07-18,ee8b36de-779f-4dea-901f-e0141c95722b,1ef94d02-d51a-491f-a313-1bb5238d6b8b,probe01,/Users/zhuojunyu/ibl_bwm_cache/danlab/Subjects/DY_014/2020-07-18/001,528,R,3,iSPN_right,0.26071855095164953,41,37.82339637281344,45.64495290136293,0.0,-6.068435322958976e-05,2.4835697331582196e-05,2.4434326292268342,0.6,True,ok,,IBL,pykilosort,2024-05-06,alf/probe01/pykilosort,528,30000.0,285,0,reported_peak_channel,5453,1.1863783000000152,0.6,False,True,False
danlab | DY_014 | 2020-07-18,ee8b36de-779f-4dea-901f-e0141c95722b,1ef94d02-d51a-491f-a313-1bb5238d6b8b,probe01,/Users/zhuojunyu/ibl_bwm_cache/danlab/Subjects/DY_014/2020-07-18/001,530,R,3,iSPN_right,0.2116299840340209,41,38.33016626696755,44.67906578798818,3.6612914300349075e-07,-8.3690453948293e-05,2.658134576449811e-05,3.148465645410229,0.7666666666666667,True,ok,,IBL,pykilosort,2024-05-06,alf/probe01/pykilosort,530,30000.0,286,0,reported_peak_channel,14444,3.1424992050614744,-0.16666666666666666,False,True,False
danlab | DY_014 | 2020-07-18,ee8b36de-779f-4dea-901f-e0141c95722b,1ef94d02-d51a-491f-a313-1bb5238d6b8b,probe01,/Users/zhuojunyu/ibl_bwm_cache/danlab/Subjects/DY_014/2020-07-18/001,540,R,3,iSPN_right,0.226325738463341,40,35.99774274588077,42.787514899781,-1.0841210951184621e-06,-8.08279694410885e-05,5.787425811831781e-05,1.3966134870505682,0.3,True,ok,,IBL,pykilosort,2024-05-06,alf/probe01/pykilosort,540,30000.0,295,0,reported_peak_channel,33266,7.237495053695306,0.3,False,True,False
danlab | DY_014 | 2020-07-18,ee8b36de-779f-4dea-901f-e0141c95722b,1ef94d02-d51a-491f-a313-1bb5238d6b8b,probe01,/Users/zhuojunyu/ibl_bwm_cache/danlab/Subjects/DY_014/2020-07-18/001,543,R,3,iSPN_right,0.2327044310955806,40,37.72874249835382,44.709875431221235,2.0428714719855634e-07,-7.013601143057713e-05,2.5114228179745623e-05,2.7926803455238622,0.6666666666666666,True,ok,,IBL,pykilosort,2024-05-06,alf/probe01/pykilosort,543,30000.0,298,0,reported_peak_channel,19157,4.167879899706637,0.6666666666666666,False,True,False
danlab | DY_014 | 2020-07-18,ee8b36de-779f-4dea-901f-e0141c95722b,1ef94d02-d51a-491f-a313-1bb5238d6b8b,probe01,/Users/zhuojunyu/ibl_bwm_cache/danlab/Subjects/DY_014/2020-07-18/001,585,L,0,iSPN_left,0.16941571958484,40,37.992660176649785,43.075131764194985,-7.601892093589413e-07,-5.740630069794861e-05,2.4162222757695417e-05,2.375870021298653,0.43333333333333335,True,ok,,IBL,pykilosort,2024-05-06,alf/probe01/pykilosort,585,30000.0,334,0,reported_peak_channel,28713,6.246924652099842,0.4333333333333333,False,True,False
danlab | DY_014 | 2020-07-18,ee8b36de-779f-4dea-901f-e0141c95722b,1ef94d02-d51a-491f-a313-1bb5238d6b8b,probe01,/Users/zhuojunyu/ibl_bwm_cache/danlab/Subjects/DY_014/2020-07-18/001,588,L,0,iSPN_left,0.2133380453646287,40,36.90370750738374,43.3038488683226,8.392946142521396e-07,-5.694337068007371e-05,1.5515346433403465e-05,3.6701320801628112,0.7333333333333333,True,ok,,IBL,pykilosort,2024-05-06,alf/probe01/pykilosort,588,30000.0,336,0,reported_peak_channel,29991,6.524971867834303,0.8,False,True,False
danlab | DY_014 | 2020-07-18,ee8b36de-779f-4dea-901f-e0141c95722b,1ef94d02-d51a-491f-a313-1bb5238d6b8b,probe01,/Users/zhuojunyu/ibl_bwm_cache/danlab/Subjects/DY_014/2020-07-18/001,599,R,2,dSPN_right,0.07791512606382985,41,39.7270440064594,42.0644977883743,-3.2510584446754365e-07,-7.323217718635533e-05,2.6361576288991273e-05,2.7779893123059356,0.23333333333333334,True,ok,,IBL,pykilosort,2024-05-06,alf/probe01/pykilosort,599,30000.0,342,0,reported_peak_channel,55476,12.06959885765649,-0.1,True,False,True
danlab | DY_014 | 2020-07-18,ee8b36de-779f-4dea-901f-e0141c95722b,1ef94d02-d51a-491f-a313-1bb5238d6b8b,probe01,/Users/zhuojunyu/ibl_bwm_cache/danlab/Subjects/DY_014/2020-07-18/001,602,L,1,dSPN_left,0.46705899116212685,52,48.686415169932296,62.6981849047961,0.0,-3.98709780711215e-05,0.00014925510913599283,0.2671330871145812,0.9333333333333333,True,ok,positive_excursion_larger,IBL,pykilosort,2024-05-06,alf/probe01/pykilosort,602,30000.0,344,0,reported_peak_channel,51523,11.209567054997393,-0.4,False,True,False
danlab | DY_014 | 2020-07-18,ee8b36de-779f-4dea-901f-e0141c95722b,1ef94d02-d51a-491f-a313-1bb5238d6b8b,probe01,/Users/zhuojunyu/ibl_bwm_cache/danlab/Subjects/DY_014/2020-07-18/001,604,L,1,dSPN_left,0.27964288734798187,50,47.06280189021913,55.452088510658584,0.0,-2.162762757507153e-05,5.5426236940547824e-05,0.3902055915913992,1.0333333333333334,True,ok,positive_excursion_larger,IBL,pykilosort,2024-05-06,alf/probe01/pykilosort,604,30000.0,347,0,reported_peak_channel,25128,5.466956523455049,-0.23333333333333334,False,True,False
danlab | DY_014 | 2020-07-18,ee8b36de-779f-4dea-901f-e0141c95722b,1ef94d02-d51a-491f-a313-1bb5238d6b8b,probe01,/Users/zhuojunyu/ibl_bwm_cache/danlab/Subjects/DY_014/2020-07-18/001,626,L,1,dSPN_left,0.09337174718039047,40,38.924900619355114,41.72605303476683,0.0,-0.00021098477009218186,3.1645846320316195e-05,6.667060439989958,0.4,True,ok,,IBL,pykilosort,2024-05-06,alf/probe01/pykilosort,626,30000.0,364,0,reported_peak_channel,32302,7.027763038070876,-0.1,False,True,True
danlab | DY_014 | 2020-07-18,ee8b36de-779f-4dea-901f-e0141c95722b,1ef94d02-d51a-491f-a313-1bb5238d6b8b,probe01,/Users/zhuojunyu/ibl_bwm_cache/danlab/Subjects/DY_014/2020-07-18/001,655,R,3,iSPN_right,0.1713376005552135,41,38.52727167726642,43.667399693922825,-5.419121293925855e-07,-5.855054888570521e-05,1.9552095807284786e-05,2.9945919589801853,0.3333333333333333,True,ok,,IBL,pykilosort,2024-05-06,alf/probe01/pykilosort,655,30000.0,382,0,reported_peak_channel,82259,17.896624349844352,0.3333333333333333,False,True,False
danlab | DY_014 | 2020-07-18,ee8b36de-779f-4dea-901f-e0141c95722b,1ef94d02-d51a-491f-a313-1bb5238d6b8b,probe01,/Users/zhuojunyu/ibl_bwm_cache/danlab/Subjects/DY_014/2020-07-18/001,734,R,3,iSPN_right,0.10893583776554673,41,39.29793022761848,42.56600536058488,0.0,-7.297113916138187e-05,1.6198477169382386e-05,4.504814767360265,0.3,True,ok,,IBL,pykilosort,2024-05-06,alf/probe01/pykilosort,734,30000.0,232,0,reported_peak_channel,26402,5.744133481863268,0.26666666666666666,False,True,True
danlab | DY_014 | 2020-07-18,ee8b36de-779f-4dea-901f-e0141c95722b,1ef94d02-d51a-491f-a313-1bb5238d6b8b,probe01,/Users/zhuojunyu/ibl_bwm_cache/danlab/Subjects/DY_014/2020-07-18/001,752,L,1,dSPN_left,0.13028858898153525,41,38.721166166676326,42.629823836122384,-2.2799279975060927e-07,-4.8613364256766545e-05,1.5347476377769453e-05,3.167515170584145,0.26666666666666666,True,ok,,IBL,pykilosort,2024-05-06,alf/probe01/pykilosort,752,30000.0,264,0,reported_peak_channel,16499,3.589593906418531,0.26666666666666666,False,True,True
hoferlab | SWC_061 | 2020-11-23,493170a6-fd94-4ee4-884f-cc018c17eeb9,68f5f1e4-5e88-4aa5-8a1a-94b691adb11e,probe00,/Users/zhuojunyu/ibl_bwm_cache/hoferlab/Subjects/SWC_061/2020-11-23/001,163,L,1,dSPN_left,0.26035188912547297,41,37.619260641224,45.42981731498819,3.281619910922018e-06,-8.908262975637626e-05,1.6835551605254295e-05,5.291340126246531,0.7,True,ok,,IBL,pykilosort,2024-05-06,alf/probe00/pykilosort,163,30000.0,122,0,reported_peak_channel,6759,1.3684272998759606,0.5999921873217312,False,True,False
hoferlab | SWC_061 | 2020-11-23,493170a6-fd94-4ee4-884f-cc018c17eeb9,68f5f1e4-5e88-4aa5-8a1a-94b691adb11e,probe00,/Users/zhuojunyu/ibl_bwm_cache/hoferlab/Subjects/SWC_061/2020-11-23/001,189,L,1,dSPN_left,0.20316935875012354,40,37.724180970477306,43.81926173298101,2.723322040765197e-06,-9.380716460327676e-05,2.44767977619631e-05,3.832493348008657,0.7333333333333333,True,ok,,IBL,pykilosort,2024-05-06,alf/probe00/pykilosort,189,30000.0,142,0,reported_peak_channel,24947,5.050770210091077,-0.23333029506956215,False,True,False
hoferlab | SWC_061 | 2020-11-23,493170a6-fd94-4ee4-884f-cc018c17eeb9,68f5f1e4-5e88-4aa5-8a1a-94b691adb11e,probe00,/Users/zhuojunyu/ibl_bwm_cache/hoferlab/Subjects/SWC_061/2020-11-23/001,200,L,0,iSPN_left,0.1643415357664246,40,37.81510135215706,42.745347425149795,0.0,-6.632784061366692e-05,1.844054895627778e-05,3.5968474024785855,0.36666666666666664,True,ok,,IBL,pykilosort,2024-05-06,alf/probe00/pykilosort,200,30000.0,154,0,reported_peak_channel,2588,0.5239665412160062,0.36666189225216905,False,True,False
hoferlab | SWC_061 | 2020-11-23,493170a6-fd94-4ee4-884f-cc018c17eeb9,68f5f1e4-5e88-4aa5-8a1a-94b691adb11e,probe00,/Users/zhuojunyu/ibl_bwm_cache/hoferlab/Subjects/SWC_061/2020-11-23/001,205,L,1,dSPN_left,0.21510069490038908,40,38.239992721389484,44.693013568401156,4.009447820862988e-06,-0.0001220633589582576,3.609848636187962e-05,3.381398259600097,0.6666666666666666,True,ok,,IBL,pykilosort,2024-05-06,alf/probe00/pykilosort,205,30000.0,159,0,reported_peak_channel,6520,1.320039354222705,-0.16666449647825868,False,True,False
hoferlab | SWC_061 | 2020-11-23,493170a6-fd94-4ee4-884f-cc018c17eeb9,68f5f1e4-5e88-4aa5-8a1a-94b691adb11e,probe00,/Users/zhuojunyu/ibl_bwm_cache/hoferlab/Subjects/SWC_061/2020-11-23/001,222,R,3,iSPN_right,0.2544935333601354,42,39.51291497853463,47.14772097933869,3.1795116228749976e-06,-5.9713527662097476e-05,1.2415632227202877e-05,4.809543853213052,0.7,True,ok,,IBL,pykilosort,2024-05-06,alf/probe00/pykilosort,222,30000.0,170,0,reported_peak_channel,8982,1.8184959324583339,-0.1999973957739104,False,True,False
hoferlab | SWC_061 | 2020-11-23,493170a6-fd94-4ee4-884f-cc018c17eeb9,68f5f1e4-5e88-4aa5-8a1a-94b691adb11e,probe00,/Users/zhuojunyu/ibl_bwm_cache/hoferlab/Subjects/SWC_061/2020-11-23/001,239,R,3,iSPN_right,0.27112870237953857,41,38.45195085285943,46.58581192424559,3.0461808364634635e-06,-6.172310827423644e-05,2.1173655795792e-05,2.915089811108724,0.8333333333333334,True,ok,,IBL,pykilosort,2024-05-06,alf/probe00/pykilosort,239,30000.0,185,0,reported_peak_channel,35389,7.164857777083943,-0.23333029506956215,False,True,False
hoferlab | SWC_061 | 2020-11-23,493170a6-fd94-4ee4-884f-cc018c17eeb9,68f5f1e4-5e88-4aa5-8a1a-94b691adb11e,probe00,/Users/zhuojunyu/ibl_bwm_cache/hoferlab/Subjects/SWC_061/2020-11-23/001,259,L,0,iSPN_left,0.18108383277830079,40,37.92535161848425,43.35786660183327,8.173292940227839e-07,-5.526726005200544e-05,1.2871788328538969e-05,4.2936737803144585,0.4666666666666667,True,ok,,IBL,pykilosort,2024-05-06,alf/probe00/pykilosort,259,30000.0,197,0,reported_peak_channel,39460,7.989072533378518,0.4666605901391243,False,True,False
hoferlab | SWC_061 | 2020-11-23,493170a6-fd94-4ee4-884f-cc018c17eeb9,68f5f1e4-5e88-4aa5-8a1a-94b691adb11e,probe00,/Users/zhuojunyu/ibl_bwm_cache/hoferlab/Subjects/SWC_061/2020-11-23/001,274,L,0,iSPN_left,0.5086650166027581,46,44.22297770614866,59.482928204231406,0.0,-2.153827517759055e-05,0.00010976396879414096,0.19622354597969155,1.1666666666666667,True,ok,positive_excursion_larger,IBL,pykilosort,2024-05-06,alf/probe00/pykilosort,274,30000.0,213,0,reported_peak_channel,49578,10.037563052707556,-0.16666449647825868,False,True,False
hoferlab | SWC_061 | 2020-11-23,493170a6-fd94-4ee4-884f-cc018c17eeb9,68f5f1e4-5e88-4aa5-8a1a-94b691adb11e,probe00,/Users/zhuojunyu/ibl_bwm_cache/hoferlab/Subjects/SWC_061/2020-11-23/001,287,L,1,dSPN_left,0.17933135941241077,38,35.66835698656961,41.048297768941936,1.6509554825461237e-06,-7.249018085531134e-05,1.1901805237357621e-05,6.090687875464281,1.1,True,ok,,IBL,pykilosort,2024-05-06,alf/probe00/pykilosort,287,30000.0,222,0,reported_peak_channel,7233,1.4643933510878566,1.1666514753478108,False,True,False
hoferlab | SWC_061 | 2020-11-23,493170a6-fd94-4ee4-884f-cc018c17eeb9,68f5f1e4-5e88-4aa5-8a1a-94b691adb11e,probe00,/Users/zhuojunyu/ibl_bwm_cache/hoferlab/Subjects/SWC_061/2020-11-23/001,295,L,0,iSPN_left,0.13652472049661835,40,37.8902540264632,41.98599564136175,-1.154718006546318e-06,-6.936659167422476e-05,2.9454007631102286e-05,2.3550816086900292,0.3,True,ok,,IBL,pykilosort,2024-05-06,alf/probe00/pykilosort,295,30000.0,228,0,reported_peak_channel,15695,3.17761007124622,-0.16666449647825868,False,True,True
hoferlab | SWC_061 | 2020-11-23,493170a6-fd94-4ee4-884f-cc018c17eeb9,68f5f1e4-5e88-4aa5-8a1a-94b691adb11e,probe00,/Users/zhuojunyu/ibl_bwm_cache/hoferlab/Subjects/SWC_061/2020-11-23/001,303,L,0,iSPN_left,0.13684641678094706,41,39.39523229912427,43.50062480255268,1.7563152141519822e-06,-9.990402850235114e-05,3.906256733898772e-05,2.557538720775235,0.4,True,ok,,IBL,pykilosort,2024-05-06,alf/probe00/pykilosort,303,30000.0,234,0,reported_peak_channel,40004,8.099210786246179,-0.13333159718260693,False,True,True
hoferlab | SWC_061 | 2020-11-23,493170a6-fd94-4ee4-884f-cc018c17eeb9,68f5f1e4-5e88-4aa5-8a1a-94b691adb11e,probe00,/Users/zhuojunyu/ibl_bwm_cache/hoferlab/Subjects/SWC_061/2020-11-23/001,308,R,2,dSPN_right,0.2384939631527362,40,37.49264864000824,44.64746753459033,2.4956850666058017e-06,-7.72626106027019e-05,1.4414098814086174e-05,5.360210971163666,0.5666666666666667,True,ok,,IBL,pykilosort,2024-05-06,alf/probe00/pykilosort,308,30000.0,239,0,reported_peak_channel,12528,2.53641917633467,-0.1999973957739104,False,True,False
hoferlab | SWC_061 | 2020-11-23,493170a6-fd94-4ee4-884f-cc018c17eeb9,68f5f1e4-5e88-4aa5-8a1a-94b691adb11e,probe00,/Users/zhuojunyu/ibl_bwm_cache/hoferlab/Subjects/SWC_061/2020-11-23/001,328,R,2,dSPN_right,0.267138636960568,41,38.07777959365828,46.09193870247532,2.0161023712716997e-06,-4.310555596021004e-05,1.9225128198741004e-05,2.2421466070136735,0.7,True,ok,,IBL,pykilosort,2024-05-06,alf/probe00/pykilosort,328,30000.0,252,0,reported_peak_channel,12007,2.430937504011046,-0.1999973957739104,False,True,False
hoferlab | SWC_061 | 2020-11-23,493170a6-fd94-4ee4-884f-cc018c17eeb9,68f5f1e4-5e88-4aa5-8a1a-94b691adb11e,probe00,/Users/zhuojunyu/ibl_bwm_cache/hoferlab/Subjects/SWC_061/2020-11-23/001,329,L,1,dSPN_left,0.17654416700541256,40,37.43514130874409,42.73146631890647,1.8061159607896116e-06,-8.226474665207206e-05,9.388084890815662e-06,8.762676052551617,0.3,True,ok,,IBL,pykilosort,2024-05-06,alf/probe00/pykilosort,329,30000.0,255,0,reported_peak_channel,18619,3.7696031804098995,0.26666319436521385,False,True,False
hoferlab | SWC_061 | 2020-11-23,493170a6-fd94-4ee4-884f-cc018c17eeb9,68f5f1e4-5e88-4aa5-8a1a-94b691adb11e,probe00,/Users/zhuojunyu/ibl_bwm_cache/hoferlab/Subjects/SWC_061/2020-11-23/001,331,R,3,iSPN_right,0.23552516168808968,46,43.65846420262602,50.72421905326871,8.288443495985121e-07,-3.976291191065684e-05,4.1662984585855156e-05,0.9543942256157183,1.1333333333333333,True,ok,positive_excursion_larger,IBL,pykilosort,2024-05-06,alf/probe00/pykilosort,331,30000.0,257,0,reported_peak_channel,24565,4.973430481055329,-0.23333029506956215,False,True,False
hoferlab | SWC_061 | 2020-11-23,493170a6-fd94-4ee4-884f-cc018c17eeb9,68f5f1e4-5e88-4aa5-8a1a-94b691adb11e,probe00,/Users/zhuojunyu/ibl_bwm_cache/hoferlab/Subjects/SWC_061/2020-11-23/001,356,R,2,dSPN_right,0.12335687595104615,40,38.53710634477032,42.23781262330171,-2.6830190336113446e-07,-0.0001054941739653259,3.6095579218908824e-05,2.922634190894555,0.26666666666666666,True,ok,,IBL,pykilosort,2024-05-06,alf/probe00/pykilosort,356,30000.0,287,0,reported_peak_channel,13627,2.758922742330184,0.26666319436521385,False,True,True
hoferlab | SWC_061 | 2020-11-23,493170a6-fd94-4ee4-884f-cc018c17eeb9,68f5f1e4-5e88-4aa5-8a1a-94b691adb11e,probe00,/Users/zhuojunyu/ibl_bwm_cache/hoferlab/Subjects/SWC_061/2020-11-23/001,358,L,1,dSPN_left,0.19667954307507596,39,36.71172226973692,42.612108561989196,5.001237695978489e-06,-0.00011225245452806121,1.1071643712057266e-05,10.13873436026629,0.5666666666666667,True,ok,,IBL,pykilosort,2024-05-06,alf/probe00/pykilosort,358,30000.0,288,0,reported_peak_channel,4909,0.9938762561164507,0.43332769084347256,False,True,False
hoferlab | SWC_061 | 2020-11-23,493170a6-fd94-4ee4-884f-cc018c17eeb9,68f5f1e4-5e88-4aa5-8a1a-94b691adb11e,probe00,/Users/zhuojunyu/ibl_bwm_cache/hoferlab/Subjects/SWC_061/2020-11-23/001,368,R,3,iSPN_right,0.20351822912700943,41,37.24243875042427,43.34798562423455,0.0,-4.229053593007848e-05,2.7731106456485577e-05,1.5250215852886688,0.16666666666666666,True,ok,,IBL,pykilosort,2024-05-06,alf/probe00/pykilosort,368,30000.0,296,0,reported_peak_channel,24488,4.957841059233988,0.16666449647825868,False,True,False
hoferlab | SWC_061 | 2020-11-23,493170a6-fd94-4ee4-884f-cc018c17eeb9,68f5f1e4-5e88-4aa5-8a1a-94b691adb11e,probe00,/Users/zhuojunyu/ibl_bwm_cache/hoferlab/Subjects/SWC_061/2020-11-23/001,418,L,0,iSPN_left,0.2488226708719651,41,37.20449130873913,44.66917143489808,0.0,-8.869143493939191e-05,3.559168544597924e-05,2.4919144409164615,0.6666666666666666,True,ok,,IBL,pykilosort,2024-05-06,alf/probe00/pykilosort,418,30000.0,329,0,reported_peak_channel,7980,1.615630988757237,0.6666579859130347,False,True,False
hoferlab | SWC_061 | 2020-11-23,493170a6-fd94-4ee4-884f-cc018c17eeb9,68f5f1e4-5e88-4aa5-8a1a-94b691adb11e,probe00,/Users/zhuojunyu/ibl_bwm_cache/hoferlab/Subjects/SWC_061/2020-11-23/001,474,L,0,iSPN_left,0.31250540241338315,48,44.34511030402152,53.72027237642301,2.5840988655545516e-06,-4.270388194527186e-05,5.982085826872208e-05,0.7138627425477779,0.7666666666666667,True,ok,positive_excursion_larger,IBL,pykilosort,2024-05-06,alf/probe00/pykilosort,474,30000.0,130,0,reported_peak_channel,18517,3.748952257997213,-0.23333029506956215,False,True,False
hoferlab | SWC_061 | 2020-11-23,493170a6-fd94-4ee4-884f-cc018c17eeb9,68f5f1e4-5e88-4aa5-8a1a-94b691adb11e,probe00,/Users/zhuojunyu/ibl_bwm_cache/hoferlab/Subjects/SWC_061/2020-11-23/001,484,L,1,dSPN_left,0.22209372641217207,41,38.206945523822604,44.869757316187766,1.3190395975470892e-06,-5.103315504584316e-05,9.813893143473251e-06,5.200092796993909,0.6333333333333333,True,ok,,IBL,pykilosort,2024-05-06,alf/probe00/pykilosort,484,30000.0,175,0,reported_peak_channel,17476,3.5381913733736186,0.5999921873217312,False,True,False
hoferlab | SWC_061 | 2020-11-23,493170a6-fd94-4ee4-884f-cc018c17eeb9,68f5f1e4-5e88-4aa5-8a1a-94b691adb11e,probe00,/Users/zhuojunyu/ibl_bwm_cache/hoferlab/Subjects/SWC_061/2020-11-23/001,486,L,1,dSPN_left,0.2608591213827222,40,37.3669062876594,45.192679929141065,1.4599905853174278e-06,-5.7510973988428304e-05,1.370743882489478e-05,4.195603184745183,0.6333333333333333,True,ok,,IBL,pykilosort,2024-05-06,alf/probe00/pykilosort,486,30000.0,182,0,reported_peak_channel,22540,4.5634489331564065,0.633325086617383,False,True,False
hoferlab | SWC_061 | 2020-11-23,493170a6-fd94-4ee4-884f-cc018c17eeb9,68f5f1e4-5e88-4aa5-8a1a-94b691adb11e,probe00,/Users/zhuojunyu/ibl_bwm_cache/hoferlab/Subjects/SWC_061/2020-11-23/001,490,L,1,dSPN_left,0.23240386506741803,41,38.67548941422057,45.64760536624311,2.290636302859639e-06,-6.779207365070761e-05,1.1756883168345666e-05,5.766160357298741,0.7,True,ok,,IBL,pykilosort,2024-05-06,alf/probe00/pykilosort,490,30000.0,202,0,reported_peak_channel,17957,3.635574644751091,0.6666579859130347,False,True,False
hoferlab | SWC_061 | 2020-11-23,493170a6-fd94-4ee4-884f-cc018c17eeb9,68f5f1e4-5e88-4aa5-8a1a-94b691adb11e,probe00,/Users/zhuojunyu/ibl_bwm_cache/hoferlab/Subjects/SWC_061/2020-11-23/001,497,L,0,iSPN_left,0.2775126792371232,41,38.028709989555814,46.35409036666951,1.1629587106654071e-06,-3.207067732091673e-05,7.00791076724272e-06,4.576353550451245,0.7,True,ok,,IBL,pykilosort,2024-05-06,alf/probe00/pykilosort,497,30000.0,257,0,reported_peak_channel,5631,1.1400523931944864,0.6666579859130347,False,True,False
mrsicflogellab | SWC_038 | 2020-08-01,03063955-2523-47bd-ae57-f7489dd40f15,7bd5627e-b02e-47f1-b476-4bf8eaa726b3,probe01,/Users/zhuojunyu/ibl_bwm_cache/mrsicflogellab/Subjects/SWC_038/2020-08-01/001,77,L,1,iSPN_left,0.15094499660933894,40,38.071617580495655,42.599967478775824,-1.0471140967638348e-06,-8.26061567522629e-05,3.654253498552862e-05,2.2605480650145413,0.4,True,ok,,IBL,pykilosort,2024-05-06,alf/probe01/pykilosort,77,30000.0,58,0,reported_peak_channel,26060,4.238940079842161,0.3666636887277181,False,True,False
mrsicflogellab | SWC_038 | 2020-08-01,03063955-2523-47bd-ae57-f7489dd40f15,7bd5627e-b02e-47f1-b476-4bf8eaa726b3,probe01,/Users/zhuojunyu/ibl_bwm_cache/mrsicflogellab/Subjects/SWC_038/2020-08-01/001,94,L,0,dSPN_left,0.20604603777261848,40,36.84171010946118,43.02309124263974,-3.6123734048487677e-07,-4.472484883422112e-05,2.760397970291706e-05,1.6202319127736067,0.3,True,ok,,IBL,pykilosort,2024-05-06,alf/probe01/pykilosort,94,30000.0,71,0,reported_peak_channel,19348,3.147160885064702,0.29999756350449663,False,True,False
mrsicflogellab | SWC_038 | 2020-08-01,03063955-2523-47bd-ae57-f7489dd40f15,7bd5627e-b02e-47f1-b476-4bf8eaa726b3,probe01,/Users/zhuojunyu/ibl_bwm_cache/mrsicflogellab/Subjects/SWC_038/2020-08-01/001,110,R,2,dSPN_right,0.19621685136728811,40,37.50084394026857,43.38734948128721,0.0,-4.8618643631925806e-05,1.4200358236848842e-05,3.4237617686125796,0.7,True,ok,,IBL,pykilosort,2024-05-06,alf/probe01/pykilosort,110,30000.0,86,0,reported_peak_channel,14616,2.3774500463151584,0.6999943148438253,False,True,False
mrsicflogellab | SWC_038 | 2020-08-01,03063955-2523-47bd-ae57-f7489dd40f15,7bd5627e-b02e-47f1-b476-4bf8eaa726b3,probe01,/Users/zhuojunyu/ibl_bwm_cache/mrsicflogellab/Subjects/SWC_038/2020-08-01/001,131,R,2,dSPN_right,0.21979550909274082,39,35.775756778364794,42.36962205114702,-4.6104634066068684e-07,-6.738709834053225e-05,2.289703098767859e-05,2.9430496196993734,0.5666666666666667,True,ok,,IBL,pykilosort,2024-05-06,alf/probe01/pykilosort,131,30000.0,105,0,reported_peak_channel,5246,0.8533184826881035,0.5333290017857718,False,True,False
mrsicflogellab | SWC_038 | 2020-08-01,03063955-2523-47bd-ae57-f7489dd40f15,7bd5627e-b02e-47f1-b476-4bf8eaa726b3,probe01,/Users/zhuojunyu/ibl_bwm_cache/mrsicflogellab/Subjects/SWC_038/2020-08-01/001,136,R,2,dSPN_right,0.19420648326716972,41,38.60539352029279,44.431588018307885,1.3892913841573318e-07,-0.00011463075698259217,3.228304358060541e-05,3.5508038979155785,0.7333333333333333,True,ok,,IBL,pykilosort,2024-05-06,alf/probe01/pykilosort,136,30000.0,107,0,reported_peak_channel,24231,3.941433502481021,0.7333273774554362,False,True,False
mrsicflogellab | SWC_038 | 2020-08-01,03063955-2523-47bd-ae57-f7489dd40f15,7bd5627e-b02e-47f1-b476-4bf8eaa726b3,probe01,/Users/zhuojunyu/ibl_bwm_cache/mrsicflogellab/Subjects/SWC_038/2020-08-01/001,137,L,1,iSPN_left,0.18103572914316454,40,38.083037899183154,43.51410977347809,0.0,-0.00016647172742523253,4.2259063775418326e-05,3.939314138853863,0.6666666666666666,True,ok,,IBL,pykilosort,2024-05-06,alf/probe01/pykilosort,137,30000.0,107,0,reported_peak_channel,8848,1.4392226334015135,0.6666612522322146,False,True,False
mrsicflogellab | SWC_038 | 2020-08-01,03063955-2523-47bd-ae57-f7489dd40f15,7bd5627e-b02e-47f1-b476-4bf8eaa726b3,probe01,/Users/zhuojunyu/ibl_bwm_cache/mrsicflogellab/Subjects/SWC_038/2020-08-01/001,151,R,2,dSPN_right,0.18733697969953694,39,37.254951450056595,42.8750608410427,0.0,-7.441845809808001e-05,2.025908361247275e-05,3.6733378232499807,0.7,True,ok,,IBL,pykilosort,2024-05-06,alf/probe01/pykilosort,151,30000.0,114,0,reported_peak_channel,28781,4.681540078201736,0.6999943148438253,False,True,False
mrsicflogellab | SWC_038 | 2020-08-01,03063955-2523-47bd-ae57-f7489dd40f15,7bd5627e-b02e-47f1-b476-4bf8eaa726b3,probe01,/Users/zhuojunyu/ibl_bwm_cache/mrsicflogellab/Subjects/SWC_038/2020-08-01/001,153,R,2,dSPN_right,0.13244535569108581,40,38.526687734189935,42.50004840492251,0.0,-7.544700929429382e-05,4.9285587010672316e-05,1.530812837391112,0.2,True,ok,,IBL,pykilosort,2024-05-06,alf/probe01/pykilosort,153,30000.0,114,0,reported_peak_channel,6473,1.0529032669538876,-0.13333225044644295,False,True,True
mrsicflogellab | SWC_038 | 2020-08-01,03063955-2523-47bd-ae57-f7489dd40f15,7bd5627e-b02e-47f1-b476-4bf8eaa726b3,probe01,/Users/zhuojunyu/ibl_bwm_cache/mrsicflogellab/Subjects/SWC_038/2020-08-01/001,156,R,2,dSPN_right,0.20005772722143528,40,37.90841622220802,43.91014803885108,0.0,-0.0001015509114949964,2.9076565624563955e-05,3.492534600070028,0.6666666666666666,True,ok,,IBL,pykilosort,2024-05-06,alf/probe01/pykilosort,156,30000.0,117,0,reported_peak_channel,27989,4.5527127357905695,0.6666612522322146,False,True,False
mrsicflogellab | SWC_038 | 2020-08-01,03063955-2523-47bd-ae57-f7489dd40f15,7bd5627e-b02e-47f1-b476-4bf8eaa726b3,probe01,/Users/zhuojunyu/ibl_bwm_cache/mrsicflogellab/Subjects/SWC_038/2020-08-01/001,161,R,2,dSPN_right,0.19631969829854914,41,38.85882753806465,44.74841848702113,4.947664820065256e-07,-9.858732801149017e-05,2.355554215682787e-05,4.185313475491941,0.7,True,ok,,IBL,pykilosort,2024-05-06,alf/probe01/pykilosort,161,30000.0,118,0,reported_peak_channel,32040,5.211651579360815,-0.16666531305805365,False,True,False
mrsicflogellab | SWC_038 | 2020-08-01,03063955-2523-47bd-ae57-f7489dd40f15,7bd5627e-b02e-47f1-b476-4bf8eaa726b3,probe01,/Users/zhuojunyu/ibl_bwm_cache/mrsicflogellab/Subjects/SWC_038/2020-08-01/001,170,R,2,dSPN_right,0.20572456580505022,41,38.42081965744015,44.592556631591656,0.0,-7.309352076845244e-05,2.4890099666663446e-05,2.936650384986214,0.7,True,ok,,IBL,pykilosort,2024-05-06,alf/probe01/pykilosort,170,30000.0,122,0,reported_peak_channel,19819,3.2237741152107366,0.6999943148438253,False,True,False
mrsicflogellab | SWC_038 | 2020-08-01,03063955-2523-47bd-ae57-f7489dd40f15,7bd5627e-b02e-47f1-b476-4bf8eaa726b3,probe01,/Users/zhuojunyu/ibl_bwm_cache/mrsicflogellab/Subjects/SWC_038/2020-08-01/001,181,R,2,dSPN_right,0.22669560702504843,41,38.86354535498786,45.664413565739316,5.467479127219121e-07,-0.00013642701713934002,4.0960287435609644e-05,3.330714349937263,0.7,True,ok,,IBL,pykilosort,2024-05-06,alf/probe01/pykilosort,181,30000.0,125,0,reported_peak_channel,9306,1.513721273331203,-0.1999983756696644,False,True,False
mrsicflogellab | SWC_038 | 2020-08-01,03063955-2523-47bd-ae57-f7489dd40f15,7bd5627e-b02e-47f1-b476-4bf8eaa726b3,probe01,/Users/zhuojunyu/ibl_bwm_cache/mrsicflogellab/Subjects/SWC_038/2020-08-01/001,193,R,2,dSPN_right,0.20600585266558794,40,37.00409113891386,43.184266718881496,0.0,-0.00016577616042923182,4.6329383621923625e-05,3.5782077694378076,0.6333333333333333,True,ok,,IBL,pykilosort,2024-05-06,alf/probe01/pykilosort,193,30000.0,128,0,reported_peak_channel,12454,2.025777427258414,0.633328189620604,False,True,False
mrsicflogellab | SWC_038 | 2020-08-01,03063955-2523-47bd-ae57-f7489dd40f15,7bd5627e-b02e-47f1-b476-4bf8eaa726b3,probe01,/Users/zhuojunyu/ibl_bwm_cache/mrsicflogellab/Subjects/SWC_038/2020-08-01/001,196,R,2,dSPN_right,0.1982579395630206,41,39.294253840915346,45.24199202780596,0.0,-8.274752326542512e-05,6.387470057234168e-05,1.2954663195909453,0.7666666666666667,True,ok,,IBL,pykilosort,2024-05-06,alf/probe01/pykilosort,196,30000.0,127,0,reported_peak_channel,14571,2.3701303109508878,-0.13333225044644295,False,True,False
mrsicflogellab | SWC_038 | 2020-08-01,03063955-2523-47bd-ae57-f7489dd40f15,7bd5627e-b02e-47f1-b476-4bf8eaa726b3,probe01,/Users/zhuojunyu/ibl_bwm_cache/mrsicflogellab/Subjects/SWC_038/2020-08-01/001,201,L,0,dSPN_left,0.21737114913495906,41,38.67717897997672,45.198313454025495,2.76443099522794e-08,-0.00010721103466515558,3.1636828461856226e-05,3.388804753119213,0.6666666666666666,True,ok,,IBL,pykilosort,2024-05-06,alf/probe01/pykilosort,201,30000.0,130,0,reported_peak_channel,30224,4.91625959221602,0.6666612522322146,False,True,False
mrsicflogellab | SWC_038 | 2020-08-01,03063955-2523-47bd-ae57-f7489dd40f15,7bd5627e-b02e-47f1-b476-4bf8eaa726b3,probe01,/Users/zhuojunyu/ibl_bwm_cache/mrsicflogellab/Subjects/SWC_038/2020-08-01/001,207,R,2,dSPN_right,0.14484549210318012,41,39.315062066630304,43.66042682972571,-1.3779828123006155e-07,-0.0002329874780002683,5.510887677928622e-05,4.227766770377024,0.4666666666666667,True,ok,,IBL,pykilosort,2024-05-06,alf/probe01/pykilosort,207,30000.0,133,0,reported_peak_channel,37346,6.0747297092012795,0.3999967513393288,False,True,True
mrsicflogellab | SWC_038 | 2020-08-01,03063955-2523-47bd-ae57-f7489dd40f15,7bd5627e-b02e-47f1-b476-4bf8eaa726b3,probe01,/Users/zhuojunyu/ibl_bwm_cache/mrsicflogellab/Subjects/SWC_038/2020-08-01/001,209,R,2,dSPN_right,0.22192151613455902,42,39.22365851139337,45.88130399543014,0.0,-0.00011224253103137016,3.566932718968019e-05,3.146752122194333,0.6333333333333333,True,ok,,IBL,pykilosort,2024-05-06,alf/probe01/pykilosort,209,30000.0,135,0,reported_peak_channel,52596,8.55530669375972,0.633328189620604,False,True,False
mrsicflogellab | SWC_038 | 2020-08-01,03063955-2523-47bd-ae57-f7489dd40f15,7bd5627e-b02e-47f1-b476-4bf8eaa726b3,probe01,/Users/zhuojunyu/ibl_bwm_cache/mrsicflogellab/Subjects/SWC_038/2020-08-01/001,216,R,3,iSPN_right,0.11708646909987148,40,38.62328417791478,42.13587825091093,-1.7407164705218747e-06,-0.00013849949573341291,6.346060581563506e-05,2.182448370187008,0.26666666666666666,True,ok,,IBL,pykilosort,2024-05-06,alf/probe01/pykilosort,216,30000.0,138,0,reported_peak_channel,9596,1.5608929012342816,0.23333143828127512,False,True,True
mrsicflogellab | SWC_038 | 2020-08-01,03063955-2523-47bd-ae57-f7489dd40f15,7bd5627e-b02e-47f1-b476-4bf8eaa726b3,probe01,/Users/zhuojunyu/ibl_bwm_cache/mrsicflogellab/Subjects/SWC_038/2020-08-01/001,227,R,2,dSPN_right,0.16169433941582317,40,37.75618920696673,42.607019389441426,0.0,-0.00018211240239907056,5.0978997023776174e-05,3.572302576179262,0.7,True,ok,,IBL,pykilosort,2024-05-06,alf/probe01/pykilosort,227,30000.0,144,0,reported_peak_channel,42913,6.9802623041545155,0.6999943148438253,False,True,False
mrsicflogellab | SWC_038 | 2020-08-01,03063955-2523-47bd-ae57-f7489dd40f15,7bd5627e-b02e-47f1-b476-4bf8eaa726b3,probe01,/Users/zhuojunyu/ibl_bwm_cache/mrsicflogellab/Subjects/SWC_038/2020-08-01/001,235,R,2,dSPN_right,0.1876924798591863,40,37.88354499548875,43.51431939126434,0.0,-0.0002560311113484204,7.242039282573387e-05,3.5353455202115702,0.7,True,ok,,IBL,pykilosort,2024-05-06,alf/probe01/pykilosort,235,30000.0,150,0,reported_peak_channel,18569,3.020448132869881,0.6999943148438253,False,True,False
mrsicflogellab | SWC_038 | 2020-08-01,03063955-2523-47bd-ae57-f7489dd40f15,7bd5627e-b02e-47f1-b476-4bf8eaa726b3,probe01,/Users/zhuojunyu/ibl_bwm_cache/mrsicflogellab/Subjects/SWC_038/2020-08-01/001,246,R,2,dSPN_right,0.18327167747502765,42,39.3719776237484,44.87012794799923,0.0,-0.00011092808563262224,2.546050018281676e-05,4.356869850792931,0.6,True,ok,,IBL,pykilosort,2024-05-06,alf/probe01/pykilosort,246,30000.0,156,0,reported_peak_channel,3679,0.5984290312256068,0.633328189620604,False,True,False
mrsicflogellab | SWC_038 | 2020-08-01,03063955-2523-47bd-ae57-f7489dd40f15,7bd5627e-b02e-47f1-b476-4bf8eaa726b3,probe01,/Users/zhuojunyu/ibl_bwm_cache/mrsicflogellab/Subjects/SWC_038/2020-08-01/001,248,R,2,dSPN_right,0.19839187046733311,42,39.770081829164035,45.72183794318403,1.4894006028498552e-07,-7.67930626608404e-05,3.659621749818598e-05,2.098387973146321,0.6666666666666666,True,ok,,IBL,pykilosort,2024-05-06,alf/probe01/pykilosort,248,30000.0,157,0,reported_peak_channel,26667,4.337675176866881,-0.13333225044644295,False,True,False
mrsicflogellab | SWC_038 | 2020-08-01,03063955-2523-47bd-ae57-f7489dd40f15,7bd5627e-b02e-47f1-b476-4bf8eaa726b3,probe01,/Users/zhuojunyu/ibl_bwm_cache/mrsicflogellab/Subjects/SWC_038/2020-08-01/001,249,R,2,dSPN_right,0.2088412424686801,40,37.560892350698396,43.8261296247588,0.0,-0.00010176037176279351,3.4699121897574514e-05,2.932649767425573,0.6333333333333333,True,ok,,IBL,pykilosort,2024-05-06,alf/probe01/pykilosort,249,30000.0,157,0,reported_peak_channel,6048,0.9837724329579965,0.5999951270089933,False,True,False
mrsicflogellab | SWC_038 | 2020-08-01,03063955-2523-47bd-ae57-f7489dd40f15,7bd5627e-b02e-47f1-b476-4bf8eaa726b3,probe01,/Users/zhuojunyu/ibl_bwm_cache/mrsicflogellab/Subjects/SWC_038/2020-08-01/001,259,R,2,dSPN_right,0.2036287086271469,41,39.29256122889762,45.401422487712026,3.986086767326924e-07,-6.79143730621945e-05,2.3023571998237458e-05,2.949775693684438,0.7333333333333333,True,ok,,IBL,pykilosort,2024-05-06,alf/probe01/pykilosort,259,30000.0,162,0,reported_peak_channel,43598,7.091684942477304,0.7333273774554362,False,True,False
mrsicflogellab | SWC_038 | 2020-08-01,03063955-2523-47bd-ae57-f7489dd40f15,7bd5627e-b02e-47f1-b476-4bf8eaa726b3,probe01,/Users/zhuojunyu/ibl_bwm_cache/mrsicflogellab/Subjects/SWC_038/2020-08-01/001,270,R,2,dSPN_right,0.19199771524994963,41,38.249209883330494,44.00914134082898,0.0,-6.34560565231368e-05,1.8332206309423782e-05,3.4614522361401105,0.6333333333333333,True,ok,,IBL,pykilosort,2024-05-06,alf/probe01/pykilosort,270,30000.0,166,0,reported_peak_channel,13066,2.1253258282124974,0.5999951270089933,False,True,False
mrsicflogellab | SWC_038 | 2020-08-01,03063955-2523-47bd-ae57-f7489dd40f15,7bd5627e-b02e-47f1-b476-4bf8eaa726b3,probe01,/Users/zhuojunyu/ibl_bwm_cache/mrsicflogellab/Subjects/SWC_038/2020-08-01/001,276,R,2,dSPN_right,0.6496415079999547,67,53.265287434543936,72.75453267454257,0.0,-2.1688521883334033e-05,9.476328705204651e-05,0.22887051049022944,0.4666666666666667,True,ok,positive_excursion_larger,IBL,pykilosort,2024-05-06,alf/probe01/pykilosort,276,30000.0,167,0,reported_peak_channel,7280,1.1841705211531441,-0.8666596279018791,False,True,False
mrsicflogellab | SWC_038 | 2020-08-01,03063955-2523-47bd-ae57-f7489dd40f15,7bd5627e-b02e-47f1-b476-4bf8eaa726b3,probe01,/Users/zhuojunyu/ibl_bwm_cache/mrsicflogellab/Subjects/SWC_038/2020-08-01/001,284,R,2,dSPN_right,0.22626192687107552,41,38.26997126432221,45.057829070454474,0.0,-5.007258369005285e-05,1.665159288677387e-05,3.007074700332412,0.6666666666666666,True,ok,,IBL,pykilosort,2024-05-06,alf/probe01/pykilosort,284,30000.0,171,0,reported_peak_channel,10655,1.7331506734734545,0.633328189620604,False,True,False
mrsicflogellab | SWC_038 | 2020-08-01,03063955-2523-47bd-ae57-f7489dd40f15,7bd5627e-b02e-47f1-b476-4bf8eaa726b3,probe01,/Users/zhuojunyu/ibl_bwm_cache/mrsicflogellab/Subjects/SWC_038/2020-08-01/001,289,R,2,dSPN_right,0.1856803103973758,39,37.435011191985105,43.00542050390638,0.0,-8.99245569598861e-05,2.7901869543711655e-05,3.222886438452033,0.7333333333333333,True,ok,,IBL,pykilosort,2024-05-06,alf/probe01/pykilosort,289,30000.0,173,0,reported_peak_channel,14108,2.2948183670918345,0.7333273774554362,False,True,False
mrsicflogellab | SWC_038 | 2020-08-01,03063955-2523-47bd-ae57-f7489dd40f15,7bd5627e-b02e-47f1-b476-4bf8eaa726b3,probe01,/Users/zhuojunyu/ibl_bwm_cache/mrsicflogellab/Subjects/SWC_038/2020-08-01/001,290,R,2,dSPN_right,0.15856607741463669,40,38.24875128883966,43.00573361127876,0.0,-0.00017965970619115978,3.8531044992851093e-05,4.6627260232493875,0.5666666666666667,True,ok,,IBL,pykilosort,2024-05-06,alf/probe01/pykilosort,290,30000.0,173,0,reported_peak_channel,12742,2.0726237335897473,0.5666620643973825,False,True,False
mrsicflogellab | SWC_038 | 2020-08-01,03063955-2523-47bd-ae57-f7489dd40f15,7bd5627e-b02e-47f1-b476-4bf8eaa726b3,probe01,/Users/zhuojunyu/ibl_bwm_cache/mrsicflogellab/Subjects/SWC_038/2020-08-01/001,292,L,1,iSPN_left,0.2060537290867996,40,37.86250404502227,44.04411591762626,0.0,-0.0001213361756526865,4.2674939322751015e-05,2.8432653350721773,0.7,True,ok,,IBL,pykilosort,2024-05-06,alf/probe01/pykilosort,292,30000.0,174,0,reported_peak_channel,8358,1.359518848323898,0.6999943148438253,False,True,False
mrsicflogellab | SWC_038 | 2020-08-01,03063955-2523-47bd-ae57-f7489dd40f15,7bd5627e-b02e-47f1-b476-4bf8eaa726b3,probe01,/Users/zhuojunyu/ibl_bwm_cache/mrsicflogellab/Subjects/SWC_038/2020-08-01/001,305,R,2,dSPN_right,0.1826333145978211,41,39.20980303393675,44.688802471871384,0.0,-9.827275789575651e-05,2.678904274944216e-05,3.668393783790684,0.6666666666666666,True,ok,,IBL,pykilosort,2024-05-06,alf/probe01/pykilosort,305,30000.0,178,0,reported_peak_channel,4263,0.6934229301752546,0.6666612522322146,False,True,False
mrsicflogellab | SWC_038 | 2020-08-01,03063955-2523-47bd-ae57-f7489dd40f15,7bd5627e-b02e-47f1-b476-4bf8eaa726b3,probe01,/Users/zhuojunyu/ibl_bwm_cache/mrsicflogellab/Subjects/SWC_038/2020-08-01/001,312,L,0,dSPN_left,0.17507445907525135,40,37.94372414314696,43.1959579154045,0.0,-0.00013043491344433278,3.0093979148659855e-05,4.334252801864565,0.5,True,ok,,IBL,pykilosort,2024-05-06,alf/probe01/pykilosort,312,30000.0,182,0,reported_peak_channel,20371,3.3135628690124586,0.43332981395093956,False,True,False
mrsicflogellab | SWC_038 | 2020-08-01,03063955-2523-47bd-ae57-f7489dd40f15,7bd5627e-b02e-47f1-b476-4bf8eaa726b3,probe01,/Users/zhuojunyu/ibl_bwm_cache/mrsicflogellab/Subjects/SWC_038/2020-08-01/001,357,R,3,iSPN_right,0.20211184966476098,41,38.25625767186545,44.31961316180828,3.231598952879722e-07,-0.00010068058878687225,2.6145109529807087e-05,3.850838286681874,0.6333333333333333,True,ok,,IBL,pykilosort,2024-05-06,alf/probe01/pykilosort,357,30000.0,198,0,reported_peak_channel,4908,0.7983391370631361,-0.1999983756696644,False,True,False
mrsicflogellab | SWC_038 | 2020-08-01,03063955-2523-47bd-ae57-f7489dd40f15,7bd5627e-b02e-47f1-b476-4bf8eaa726b3,probe01,/Users/zhuojunyu/ibl_bwm_cache/mrsicflogellab/Subjects/SWC_038/2020-08-01/001,698,R,3,iSPN_right,0.18257730814073342,41,38.40943769085798,43.88675693507998,0.0,-5.048220555181615e-05,1.3514085367205553e-05,3.7355251339702673,0.6,True,ok,,IBL,pykilosort,2024-05-06,alf/probe01/pykilosort,698,30000.0,77,0,reported_peak_channel,18209,2.9618902499557143,0.5666620643973825,False,True,False
mrsicflogellab | SWC_038 | 2020-08-01,03063955-2523-47bd-ae57-f7489dd40f15,7bd5627e-b02e-47f1-b476-4bf8eaa726b3,probe01,/Users/zhuojunyu/ibl_bwm_cache/mrsicflogellab/Subjects/SWC_038/2020-08-01/001,744,R,2,dSPN_right,0.22669897438840844,41,37.91210983211089,44.713079063763146,0.0,-6.349034083541483e-05,2.2036616428522393e-05,2.8811292805023427,0.6333333333333333,True,ok,,IBL,pykilosort,2024-05-06,alf/probe01/pykilosort,744,30000.0,214,0,reported_peak_channel,16419,2.670727443243609,0.633328189620604,False,True,False
mrsicflogellab | SWC_038 | 2020-07-31,1e45d992-c356-40e1-9be1-a506d944896f,2b3c3126-11f3-4a8e-aa44-2f965bf8ab9c,probe01,/Users/zhuojunyu/ibl_bwm_cache/mrsicflogellab/Subjects/SWC_038/2020-07-31/001,112,R,2,iSPN_right,0.1592258818398496,41,39.18180751941462,43.95858397461011,-7.928751415420265e-07,-8.363282591972165e-05,2.9931370079339104e-05,2.7941529471599886,0.4666666666666667,True,ok,,IBL,pykilosort,2024-05-06,alf/probe01/pykilosort,112,30000.0,42,0,reported_peak_channel,58039,9.103022958495181,0.43332981395093956,False,True,False
mrsicflogellab | SWC_038 | 2020-07-31,1e45d992-c356-40e1-9be1-a506d944896f,2b3c3126-11f3-4a8e-aa44-2f965bf8ab9c,probe01,/Users/zhuojunyu/ibl_bwm_cache/mrsicflogellab/Subjects/SWC_038/2020-07-31/001,120,R,3,dSPN_right,0.1686057910460716,40,38.08143618175103,43.13960991313318,1.2947027698828606e-06,-5.3596065072269994e-05,6.5210908815060975e-06,8.218880252730285,0.5666666666666667,True,ok,,IBL,pykilosort,2024-05-06,alf/probe01/pykilosort,120,30000.0,46,0,reported_peak_channel,26427,4.14489546208846,0.46666287656255023,False,True,False
mrsicflogellab | SWC_038 | 2020-07-31,1e45d992-c356-40e1-9be1-a506d944896f,2b3c3126-11f3-4a8e-aa44-2f965bf8ab9c,probe01,/Users/zhuojunyu/ibl_bwm_cache/mrsicflogellab/Subjects/SWC_038/2020-07-31/001,151,L,0,iSPN_left,0.2088416426133141,41,38.23068879472193,44.49593807312135,0.0,-0.00013472831051331013,3.884113903040998e-05,3.4687013274205736,0.6333333333333333,True,ok,,IBL,pykilosort,2024-05-06,alf/probe01/pykilosort,151,30000.0,58,0,reported_peak_channel,2963,0.46472642578302903,0.6666612522322146,False,True,False
mrsicflogellab | SWC_038 | 2020-07-31,1e45d992-c356-40e1-9be1-a506d944896f,2b3c3126-11f3-4a8e-aa44-2f965bf8ab9c,probe01,/Users/zhuojunyu/ibl_bwm_cache/mrsicflogellab/Subjects/SWC_038/2020-07-31/001,193,R,2,iSPN_right,0.19946745951736347,40,38.37362086671243,44.35764465223333,5.808753940073075e-07,-8.794536483947013e-05,4.222625352667819e-05,2.082717681404224,0.7,True,ok,,IBL,pykilosort,2024-05-06,alf/probe01/pykilosort,193,30000.0,73,0,reported_peak_channel,20732,3.251673391607748,-0.2666645008928859,False,True,False
mrsicflogellab | SWC_038 | 2020-07-31,1e45d992-c356-40e1-9be1-a506d944896f,2b3c3126-11f3-4a8e-aa44-2f965bf8ab9c,probe01,/Users/zhuojunyu/ibl_bwm_cache/mrsicflogellab/Subjects/SWC_038/2020-07-31/001,203,L,0,iSPN_left,0.09220345492233145,41,39.592251754383774,42.35835540205372,-2.824891396357998e-07,-9.278947973712093e-05,2.473971480299042e-05,3.7506285127387553,0.23333333333333334,True,ok,,IBL,pykilosort,2024-05-06,alf/probe01/pykilosort,203,30000.0,76,0,reported_peak_channel,17342,2.719974915939686,-0.0999991878348322,False,True,True
mrsicflogellab | SWC_038 | 2020-07-31,1e45d992-c356-40e1-9be1-a506d944896f,2b3c3126-11f3-4a8e-aa44-2f965bf8ab9c,probe01,/Users/zhuojunyu/ibl_bwm_cache/mrsicflogellab/Subjects/SWC_038/2020-07-31/001,217,R,2,iSPN_right,0.2140595103899912,40,37.940245587441574,44.36203089914131,0.0,-6.45708860247396e-05,3.0141565730446018e-05,2.1422538763311985,0.7,True,ok,,IBL,pykilosort,2024-05-06,alf/probe01/pykilosort,217,30000.0,82,0,reported_peak_channel,20616,3.2334795794609943,-0.16666531305805365,False,True,False
mrsicflogellab | SWC_038 | 2020-07-31,1e45d992-c356-40e1-9be1-a506d944896f,2b3c3126-11f3-4a8e-aa44-2f965bf8ab9c,probe01,/Users/zhuojunyu/ibl_bwm_cache/mrsicflogellab/Subjects/SWC_038/2020-07-31/001,274,R,3,dSPN_right,0.09615034670642449,41,39.543634529204056,42.42814493039679,-2.779639487471286e-07,-0.00014749590573615023,2.9944427836881005e-05,4.9256545003837795,0.23333333333333334,True,ok,,IBL,pykilosort,2024-05-06,alf/probe01/pykilosort,274,30000.0,106,0,reported_peak_channel,51773,8.120243416154155,0.23333143828127512,False,True,True
mrsicflogellab | SWC_038 | 2020-07-31,1e45d992-c356-40e1-9be1-a506d944896f,2b3c3126-11f3-4a8e-aa44-2f965bf8ab9c,probe01,/Users/zhuojunyu/ibl_bwm_cache/mrsicflogellab/Subjects/SWC_038/2020-07-31/001,346,R,2,iSPN_right,0.1736370026117039,40,37.29825364972327,42.50736372807439,0.0,-0.00012108307419111952,3.350443876115605e-05,3.6139412766853827,0.36666666666666664,True,ok,,IBL,pykilosort,2024-05-06,alf/probe01/pykilosort,346,30000.0,137,0,reported_peak_channel,35899,5.630514329795801,0.3666636887277181,False,True,False
mrsicflogellab | SWC_038 | 2020-07-31,1e45d992-c356-40e1-9be1-a506d944896f,2b3c3126-11f3-4a8e-aa44-2f965bf8ab9c,probe01,/Users/zhuojunyu/ibl_bwm_cache/mrsicflogellab/Subjects/SWC_038/2020-07-31/001,352,L,1,dSPN_left,0.20689713848433847,40,37.86051970874833,44.06743386327848,0.0,-8.95266275620088e-05,2.9765111321466975e-05,3.007770627669081,0.6,True,ok,,IBL,pykilosort,2024-05-06,alf/probe01/pykilosort,352,30000.0,139,0,reported_peak_channel,7359,1.1542091688617315,0.5999951270089933,False,True,False
mrsicflogellab | SWC_038 | 2020-07-31,1e45d992-c356-40e1-9be1-a506d944896f,2b3c3126-11f3-4a8e-aa44-2f965bf8ab9c,probe01,/Users/zhuojunyu/ibl_bwm_cache/mrsicflogellab/Subjects/SWC_038/2020-07-31/001,354,L,0,iSPN_left,0.11973036981647216,41,39.29831015238138,42.89022124687555,0.0,-0.00023434910690411925,9.46235959418118e-05,2.4766455403811833,0.2,True,ok,,IBL,pykilosort,2024-05-06,alf/probe01/pykilosort,354,30000.0,140,0,reported_peak_channel,29854,4.682397136458504,0.1999983756696644,False,True,True
mrsicflogellab | SWC_038 | 2020-07-31,1e45d992-c356-40e1-9be1-a506d944896f,2b3c3126-11f3-4a8e-aa44-2f965bf8ab9c,probe01,/Users/zhuojunyu/ibl_bwm_cache/mrsicflogellab/Subjects/SWC_038/2020-07-31/001,355,L,0,iSPN_left,0.1493400807923341,40,38.030000926089336,42.51020334985936,-3.498611249597161e-07,-0.00035223405177475797,0.00018034493075447244,1.9531131277224592,0.5333333333333333,True,ok,,IBL,pykilosort,2024-05-06,alf/probe01/pykilosort,355,30000.0,140,0,reported_peak_channel,29853,4.682240293250342,0.5333290017857718,False,True,True
mrsicflogellab | SWC_038 | 2020-07-31,1e45d992-c356-40e1-9be1-a506d944896f,2b3c3126-11f3-4a8e-aa44-2f965bf8ab9c,probe01,/Users/zhuojunyu/ibl_bwm_cache/mrsicflogellab/Subjects/SWC_038/2020-07-31/001,362,L,0,iSPN_left,0.12110394953980143,41,39.411672338842585,43.04479082503663,3.1629878094463493e-07,-0.00016695777429731606,2.5934406778560515e-05,6.437693976302435,0.8,True,ok,,IBL,pykilosort,2024-05-06,alf/probe01/pykilosort,362,30000.0,144,0,reported_peak_channel,4453,0.6984228059439177,0.6666612522322146,False,True,True
mrsicflogellab | SWC_038 | 2020-07-31,1e45d992-c356-40e1-9be1-a506d944896f,2b3c3126-11f3-4a8e-aa44-2f965bf8ab9c,probe01,/Users/zhuojunyu/ibl_bwm_cache/mrsicflogellab/Subjects/SWC_038/2020-07-31/001,415,L,1,dSPN_left,0.17975357418142057,40,37.78236419697382,43.17497142241644,3.753450300791883e-06,-0.00010071067868011596,1.1432944802436396e-05,8.808813513964854,1.1,True,ok,,IBL,pykilosort,2024-05-06,alf/probe01/pykilosort,415,30000.0,171,0,reported_peak_channel,2131,0.3342328765925193,0.29999756350449663,False,True,False
mrsicflogellab | SWC_038 | 2020-07-31,1e45d992-c356-40e1-9be1-a506d944896f,2b3c3126-11f3-4a8e-aa44-2f965bf8ab9c,probe01,/Users/zhuojunyu/ibl_bwm_cache/mrsicflogellab/Subjects/SWC_038/2020-07-31/001,419,R,2,iSPN_right,0.20274563434180215,41,37.5579357610314,43.640304791285466,-2.0895110992569244e-06,-8.854117754708568e-05,5.610408129541611e-05,1.5781592979104675,0.26666666666666666,True,ok,,IBL,pykilosort,2024-05-06,alf/probe01/pykilosort,419,30000.0,173,0,reported_peak_channel,21421,3.359738362031139,0.2666645008928859,False,True,False
mrsicflogellab | SWC_038 | 2020-07-31,1e45d992-c356-40e1-9be1-a506d944896f,2b3c3126-11f3-4a8e-aa44-2f965bf8ab9c,probe01,/Users/zhuojunyu/ibl_bwm_cache/mrsicflogellab/Subjects/SWC_038/2020-07-31/001,1159,L,1,dSPN_left,0.1751368511100324,41,38.23198886729368,43.48609440059465,0.0,-9.37387376325205e-05,2.553974809416104e-05,3.6703078388604498,0.6,True,ok,,IBL,pykilosort,2024-05-06,alf/probe01/pykilosort,1159,30000.0,82,0,reported_peak_channel,3750,0.5881620306062635,0.5999951270089933,False,True,False
mrsicflogellab | SWC_038 | 2020-07-31,1e45d992-c356-40e1-9be1-a506d944896f,2b3c3126-11f3-4a8e-aa44-2f965bf8ab9c,probe01,/Users/zhuojunyu/ibl_bwm_cache/mrsicflogellab/Subjects/SWC_038/2020-07-31/001,1166,R,3,dSPN_right,0.17448088650639093,41,38.48382341821663,43.71825001340836,0.0,-7.489606650779024e-05,2.0741148546221666e-05,3.6109893500296906,0.6333333333333333,True,ok,,IBL,pykilosort,2024-05-06,alf/probe01/pykilosort,1166,30000.0,109,0,reported_peak_channel,31808,4.988868765206408,0.5999951270089933,False,True,False
cortexlab | KS086 | 2022-03-16,ffef0311-8ffa-49e3-a857-b3adf6d86e12,4279e354-a6b8-4eff-8245-7c8723b07834,probe00,/Users/zhuojunyu/ibl_bwm_cache/cortexlab/Subjects/KS086/2022-03-16/001,52,L,1,iSPN_left,0.17284870154689713,37,35.38415984808095,40.56962089448786,0.0,-8.894236088963225e-05,1.947127930179704e-05,4.567874535158232,0.6666666666666666,True,ok,,IBL,pykilosort,2024-05-06,alf/probe00/pykilosort,52,30000.0,44,0,reported_peak_channel,6185,1.2123448241302932,0.5666666666666667,False,True,False
cortexlab | KS086 | 2022-03-16,ffef0311-8ffa-49e3-a857-b3adf6d86e12,4279e354-a6b8-4eff-8245-7c8723b07834,probe00,/Users/zhuojunyu/ibl_bwm_cache/cortexlab/Subjects/KS086/2022-03-16/001,89,R,2,dSPN_right,0.2485869063971426,41,38.71205652872453,46.16966372063881,6.6593941028259e-07,-4.2877956843767606e-05,3.340136743190669e-05,1.283718606167255,1.0333333333333334,True,ok,,IBL,pykilosort,2024-05-06,alf/probe00/pykilosort,89,30000.0,73,0,reported_peak_channel,34699,6.80147987914261,-0.16666666666666666,False,True,False
cortexlab | KS086 | 2022-03-16,ffef0311-8ffa-49e3-a857-b3adf6d86e12,4279e354-a6b8-4eff-8245-7c8723b07834,probe00,/Users/zhuojunyu/ibl_bwm_cache/cortexlab/Subjects/KS086/2022-03-16/001,142,L,1,iSPN_left,0.2096462155851893,41,37.64467993104752,43.9340663986032,1.014140934785246e-06,-5.9390134765635594e-05,1.3092518429402844e-05,4.536188746716502,0.5333333333333333,True,ok,,IBL,pykilosort,2024-05-06,alf/probe00/pykilosort,142,30000.0,116,0,reported_peak_channel,41782,8.189845018886324,0.5666666666666667,False,True,False
cortexlab | KS086 | 2022-03-16,ffef0311-8ffa-49e3-a857-b3adf6d86e12,4279e354-a6b8-4eff-8245-7c8723b07834,probe00,/Users/zhuojunyu/ibl_bwm_cache/cortexlab/Subjects/KS086/2022-03-16/001,152,R,3,iSPN_right,0.15387294542108687,40,37.568567883514476,42.18475624614708,-7.887571769060742e-07,-5.08486630792504e-05,2.892911078333782e-05,1.7576987920602625,0.23333333333333334,True,ok,,IBL,pykilosort,2024-05-06,alf/probe00/pykilosort,152,30000.0,127,0,reported_peak_channel,95412,18.70206052706864,0.2,False,True,False
cortexlab | KS086 | 2022-03-16,ffef0311-8ffa-49e3-a857-b3adf6d86e12,4279e354-a6b8-4eff-8245-7c8723b07834,probe00,/Users/zhuojunyu/ibl_bwm_cache/cortexlab/Subjects/KS086/2022-03-16/001,177,L,0,dSPN_left,0.1799610691709025,41,38.94608908286457,44.34492115799164,0.0,-0.00012494678958319128,2.882386434066575e-05,4.334838247448723,0.5,True,ok,,IBL,pykilosort,2024-05-06,alf/probe00/pykilosort,177,30000.0,141,0,reported_peak_channel,34808,6.82284537402219,0.4666666666666667,False,True,False
cortexlab | KS086 | 2022-03-16,ffef0311-8ffa-49e3-a857-b3adf6d86e12,4279e354-a6b8-4eff-8245-7c8723b07834,probe00,/Users/zhuojunyu/ibl_bwm_cache/cortexlab/Subjects/KS086/2022-03-16/001,178,R,3,iSPN_right,0.14966610272429506,41,38.6220073346213,43.11199041635015,-1.0269062613588176e-06,-6.992978217112977e-05,3.941471311463829e-05,1.7742050276438126,0.2,True,ok,,IBL,pykilosort,2024-05-06,alf/probe00/pykilosort,178,30000.0,141,0,reported_peak_channel,48507,9.508037248842058,0.2,False,True,True
cortexlab | KS086 | 2022-03-16,ffef0311-8ffa-49e3-a857-b3adf6d86e12,4279e354-a6b8-4eff-8245-7c8723b07834,probe00,/Users/zhuojunyu/ibl_bwm_cache/cortexlab/Subjects/KS086/2022-03-16/001,207,L,1,iSPN_left,0.14581889638703296,37,35.56639223254085,39.94095912415184,0.0,-6.137409945949912e-05,1.6349475117749535e-05,3.753888061694981,0.43333333333333335,True,ok,,IBL,pykilosort,2024-05-06,alf/probe00/pykilosort,207,30000.0,157,0,reported_peak_channel,11776,2.3082575018526,0.3333333333333333,False,True,True
cortexlab | KS086 | 2022-03-16,ffef0311-8ffa-49e3-a857-b3adf6d86e12,4279e354-a6b8-4eff-8245-7c8723b07834,probe00,/Users/zhuojunyu/ibl_bwm_cache/cortexlab/Subjects/KS086/2022-03-16/001,244,L,0,dSPN_left,0.260507383058971,40,37.97195786002495,45.78717935179408,2.0082484297745395e-06,-5.2298536047601374e-05,3.719793630807544e-05,1.405952620985796,1.0,True,ok,,IBL,pykilosort,2024-05-06,alf/probe00/pykilosort,244,30000.0,173,0,reported_peak_channel,9110,1.7856849390181035,-0.3,False,True,False
cortexlab | KS086 | 2022-03-16,ffef0311-8ffa-49e3-a857-b3adf6d86e12,4279e354-a6b8-4eff-8245-7c8723b07834,probe00,/Users/zhuojunyu/ibl_bwm_cache/cortexlab/Subjects/KS086/2022-03-16/001,263,R,3,iSPN_right,0.13961088825927137,40,37.99505110269726,42.1833777504754,-1.2097283388357027e-06,-0.00010419960892704694,5.8298437920711876e-05,1.7873482145227018,0.23333333333333334,True,ok,,IBL,pykilosort,2024-05-06,alf/probe00/pykilosort,263,30000.0,182,0,reported_peak_channel,38257,7.498896675303578,0.2,False,True,True
cortexlab | KS086 | 2022-03-16,ffef0311-8ffa-49e3-a857-b3adf6d86e12,4279e354-a6b8-4eff-8245-7c8723b07834,probe00,/Users/zhuojunyu/ibl_bwm_cache/cortexlab/Subjects/KS086/2022-03-16/001,269,L,1,iSPN_left,0.18165881807354792,41,38.62742251417989,44.07718705638633,2.1777141228085384e-06,-6.73004087730078e-05,2.0281027900637127e-05,3.318392396220389,1.0,True,ok,,IBL,pykilosort,2024-05-06,alf/probe00/pykilosort,269,30000.0,185,0,reported_peak_channel,48248,9.457269696788744,-0.23333333333333334,False,True,False
cortexlab | KS086 | 2022-03-16,ffef0311-8ffa-49e3-a857-b3adf6d86e12,4279e354-a6b8-4eff-8245-7c8723b07834,probe00,/Users/zhuojunyu/ibl_bwm_cache/cortexlab/Subjects/KS086/2022-03-16/001,311,R,3,iSPN_right,0.11837415683591956,41,39.205488440608626,42.75671314568621,-1.0217899415465581e-07,-5.1222058580435714e-05,2.4273852424983033e-05,2.1101742600905475,0.23333333333333334,True,ok,,IBL,pykilosort,2024-05-06,alf/probe00/pykilosort,311,30000.0,193,0,reported_peak_channel,116304,22.79717905022629,0.2,True,False,True
cortexlab | KS086 | 2022-03-16,ffef0311-8ffa-49e3-a857-b3adf6d86e12,4279e354-a6b8-4eff-8245-7c8723b07834,probe00,/Users/zhuojunyu/ibl_bwm_cache/cortexlab/Subjects/KS086/2022-03-16/001,321,R,3,iSPN_right,0.1183410065229803,41,39.32809709367899,42.8783272893684,-3.0961568882048596e-06,-0.0001767840690263256,8.34559291433834e-05,2.1182925028921264,0.23333333333333334,True,ok,,IBL,pykilosort,2024-05-06,alf/probe00/pykilosort,321,30000.0,206,0,reported_peak_channel,121355,23.787244322123158,0.2,True,False,True
cortexlab | KS086 | 2022-03-16,ffef0311-8ffa-49e3-a857-b3adf6d86e12,4279e354-a6b8-4eff-8245-7c8723b07834,probe00,/Users/zhuojunyu/ibl_bwm_cache/cortexlab/Subjects/KS086/2022-03-16/001,403,R,2,dSPN_right,0.17625147909300645,40,37.587251613442504,42.8747959862327,0.0,-0.0001228439505212009,3.469153671176173e-05,3.5410351389695633,0.43333333333333335,True,ok,,IBL,pykilosort,2024-05-06,alf/probe00/pykilosort,403,30000.0,234,0,reported_peak_channel,34786,6.818533072303375,0.4333333333333333,False,True,False
cortexlab | KS086 | 2022-03-16,ffef0311-8ffa-49e3-a857-b3adf6d86e12,4279e354-a6b8-4eff-8245-7c8723b07834,probe00,/Users/zhuojunyu/ibl_bwm_cache/cortexlab/Subjects/KS086/2022-03-16/001,408,R,3,iSPN_right,0.2500471361621725,40,35.35316078267954,42.85457486754471,-7.553774707957928e-07,-5.0457057739095035e-05,3.857609618762581e-05,1.3079876588258903,0.3,True,ok,,IBL,pykilosort,2024-05-06,alf/probe00/pykilosort,408,30000.0,236,0,reported_peak_channel,85234,16.70703294097355,0.23333333333333334,False,True,False
cortexlab | KS086 | 2022-03-16,ffef0311-8ffa-49e3-a857-b3adf6d86e12,4279e354-a6b8-4eff-8245-7c8723b07834,probe00,/Users/zhuojunyu/ibl_bwm_cache/cortexlab/Subjects/KS086/2022-03-16/001,453,R,3,iSPN_right,0.1342957203402702,40,38.3579730857518,42.38684469595991,-8.229202990150952e-07,-8.402598683687756e-05,4.260399367694845e-05,1.9722561099322744,0.26666666666666666,True,ok,,IBL,pykilosort,2024-05-06,alf/probe00/pykilosort,453,30000.0,250,0,reported_peak_channel,41466,8.12790468510699,0.26666666666666666,False,True,True
cortexlab | KS086 | 2022-03-16,ffef0311-8ffa-49e3-a857-b3adf6d86e12,4279e354-a6b8-4eff-8245-7c8723b07834,probe00,/Users/zhuojunyu/ibl_bwm_cache/cortexlab/Subjects/KS086/2022-03-16/001,454,R,3,iSPN_right,0.1557376339465049,41,38.76064589686198,43.43277491525713,2.255087110825116e-06,-0.0001322264638474735,2.359229392823181e-05,5.604646341288762,0.43333333333333335,True,ok,,IBL,pykilosort,2024-05-06,alf/probe00/pykilosort,454,30000.0,250,0,reported_peak_channel,35820,7.021211253087648,0.4,False,True,False
cortexlab | KS086 | 2022-03-16,ffef0311-8ffa-49e3-a857-b3adf6d86e12,4279e354-a6b8-4eff-8245-7c8723b07834,probe00,/Users/zhuojunyu/ibl_bwm_cache/cortexlab/Subjects/KS086/2022-03-16/001,504,R,3,iSPN_right,0.24554947744568878,40,36.300227476532356,43.66671179990302,2.2946937860979233e-06,-6.196192998686456e-05,1.57521058099519e-05,3.933564866464909,0.7333333333333333,True,ok,,IBL,pykilosort,2024-05-06,alf/probe00/pykilosort,504,30000.0,277,0,reported_peak_channel,37615,7.3730558705999965,0.5666666666666667,False,True,False
cortexlab | KS086 | 2022-03-16,ffef0311-8ffa-49e3-a857-b3adf6d86e12,4279e354-a6b8-4eff-8245-7c8723b07834,probe00,/Users/zhuojunyu/ibl_bwm_cache/cortexlab/Subjects/KS086/2022-03-16/001,517,L,0,dSPN_left,0.13960724786435202,41,39.06429514954835,43.25251258547891,1.0460721568961162e-06,-0.00010630962833602098,1.5467346656805603e-05,6.873165171431969,0.4,True,ok,,IBL,pykilosort,2024-05-06,alf/probe00/pykilosort,517,30000.0,284,0,reported_peak_channel,17902,3.5090375168278913,0.4,False,True,True
cortexlab | KS086 | 2022-03-16,ffef0311-8ffa-49e3-a857-b3adf6d86e12,4279e354-a6b8-4eff-8245-7c8723b07834,probe00,/Users/zhuojunyu/ibl_bwm_cache/cortexlab/Subjects/KS086/2022-03-16/001,527,R,3,iSPN_right,0.11038857137555595,40,38.455773945315535,41.767431086582214,-6.923125397406693e-07,-8.437921707127316e-05,4.931921074557977e-05,1.7108793063732401,0.2,True,ok,,IBL,pykilosort,2024-05-06,alf/probe00/pykilosort,527,30000.0,289,0,reported_peak_channel,40885,8.014020716987394,0.2,False,True,True
cortexlab | KS086 | 2022-03-16,ffef0311-8ffa-49e3-a857-b3adf6d86e12,4279e354-a6b8-4eff-8245-7c8723b07834,probe00,/Users/zhuojunyu/ibl_bwm_cache/cortexlab/Subjects/KS086/2022-03-16/001,533,L,0,dSPN_left,0.23212808661645615,39,36.39473316844044,43.35857576693412,-5.74150760712655e-07,-3.3711929575019894e-05,2.0704468113308394e-05,1.6282441736984579,0.5666666666666667,True,ok,,IBL,pykilosort,2024-05-06,alf/probe00/pykilosort,533,30000.0,291,0,reported_peak_channel,29202,5.72399249058251,0.5666666666666667,False,True,False
cortexlab | KS086 | 2022-03-16,ffef0311-8ffa-49e3-a857-b3adf6d86e12,4279e354-a6b8-4eff-8245-7c8723b07834,probe00,/Users/zhuojunyu/ibl_bwm_cache/cortexlab/Subjects/KS086/2022-03-16/001,542,L,0,dSPN_left,0.1327556342906734,41,39.69000464263679,43.67267367135699,-1.0235248737444635e-06,-5.053928043707856e-05,2.337929936402361e-05,2.161710650527411,0.4,True,ok,,IBL,pykilosort,2024-05-06,alf/probe00/pykilosort,542,30000.0,297,0,reported_peak_channel,41669,8.167695469148777,-0.13333333333333333,False,True,True
cortexlab | KS086 | 2022-03-16,ffef0311-8ffa-49e3-a857-b3adf6d86e12,4279e354-a6b8-4eff-8245-7c8723b07834,probe00,/Users/zhuojunyu/ibl_bwm_cache/cortexlab/Subjects/KS086/2022-03-16/001,545,R,2,dSPN_right,0.06820864281998998,40,39.29090102981485,41.33716031441455,-1.4475598675289802e-07,-4.269174233684225e-05,3.8207760454156414e-05,1.1173578830422668,0.16666666666666666,True,ok,,IBL,pykilosort,2024-05-06,alf/probe00/pykilosort,545,30000.0,297,0,reported_peak_channel,123265,24.161630516802035,0.16666666666666666,True,False,True
cortexlab | KS086 | 2022-03-16,ffef0311-8ffa-49e3-a857-b3adf6d86e12,4279e354-a6b8-4eff-8245-7c8723b07834,probe00,/Users/zhuojunyu/ibl_bwm_cache/cortexlab/Subjects/KS086/2022-03-16/001,576,R,3,iSPN_right,0.08610269885892212,40,38.758236444089725,41.34131740985739,-9.126010809268337e-07,-0.00010312826680092257,6.211573736436549e-05,1.6602598822256778,0.16666666666666666,True,ok,,IBL,pykilosort,2024-05-06,alf/probe00/pykilosort,576,30000.0,311,0,reported_peak_channel,65608,12.860067780362211,0.13333333333333333,True,False,True
