state,bits,n_trials,left_choice_probability,mean_decision_time_ms,median_decision_time_ms,terminal_probability,end_count,outgoing_total
0,"[0,0,0,0]",386,0.5,207.2724514238511,189.45225779452812,0.2152777777777778,155,720
1,"[0,0,0,1]",68,0.3529411764705883,225.83529164574495,207.77491839821138,0.2391304347826087,22,92
2,"[0,0,1,0]",159,0.6037735849056604,220.48108028132714,205.72775008827193,0.3472222222222222,75,216
3,"[0,0,1,1]",12,0.4166666666666667,242.6587307852562,213.73258693628827,0.15384615384615385,2,13
4,"[0,1,0,0]",126,0.25396825396825407,222.2701023496243,207.26193297338824,0.2682926829268293,44,164
5,"[0,1,0,1]",27,0.1481481481481481,238.11655282975153,216.7890426774477,0.36666666666666664,11,30
6,"[0,1,1,0]",57,0.26315789473684215,223.3659079548359,213.78750545306957,0.45454545454545453,30,66
7,"[0,1,1,1]",4,0.0,273.5120459311631,234.66454393120273,0.25,1,4
8,"[1,0,0,0]",121,0.512396694214876,220.35145572714984,212.4780340187158,0.10227272727272728,18,176
9,"[1,0,0,1]",8,0.7500000000000001,208.761300718626,193.61069016085963,0.25,2,8
10,"[1,0,1,0]",28,0.6428571428571428,218.52335746449265,207.1591205410357,0.43333333333333335,13,30
11,"[1,0,1,1]",2,0.0,283.2211635526676,283.2211635526676,0.5,1,2
12,"[1,1,0,0]",18,0.38888888888888884,227.16427804418436,219.88467250375265,0.3,6,20
13,"[1,1,0,1]",3,0.0,232.6868315199988,252.98279256566047,0.6,3,5
14,"[1,1,1,0]",4,0.0,202.1451746802434,200.6146176347059,0.75,3,4
15,"[1,1,1,1]",1,0.0,164.92844244248772,164.92844244248772,0.0,0,1
