source,source_bits,target,target_bits,transition_type,count,probability
0,"[0,0,0,0]",END,END,state_to_END,155,0.2152777777777778
0,"[0,0,0,0]",1,"[0,0,0,1]",state_to_state,78,0.10833333333333334
0,"[0,0,0,0]",2,"[0,0,1,0]",state_to_state,165,0.22916666666666666
0,"[0,0,0,0]",3,"[0,0,1,1]",state_to_state,4,0.005555555555555556
0,"[0,0,0,0]",4,"[0,1,0,0]",state_to_state,131,0.18194444444444444
0,"[0,0,0,0]",5,"[0,1,0,1]",state_to_state,5,0.006944444444444444
0,"[0,0,0,0]",6,"[0,1,1,0]",state_to_state,12,0.016666666666666666
0,"[0,0,0,0]",7,"[0,1,1,1]",state_to_state,1,0.001388888888888889
0,"[0,0,0,0]",8,"[1,0,0,0]",state_to_state,148,0.20555555555555555
0,"[0,0,0,0]",9,"[1,0,0,1]",state_to_state,3,0.004166666666666667
0,"[0,0,0,0]",10,"[1,0,1,0]",state_to_state,10,0.013888888888888888
0,"[0,0,0,0]",12,"[1,1,0,0]",state_to_state,8,0.011111111111111112
1,"[0,0,0,1]",END,END,state_to_END,22,0.2391304347826087
1,"[0,0,0,1]",0,"[0,0,0,0]",state_to_state,49,0.532608695652174
1,"[0,0,0,1]",2,"[0,0,1,0]",state_to_state,7,0.07608695652173914
1,"[0,0,0,1]",3,"[0,0,1,1]",state_to_state,2,0.021739130434782608
1,"[0,0,0,1]",4,"[0,1,0,0]",state_to_state,3,0.03260869565217391
1,"[0,0,0,1]",5,"[0,1,0,1]",state_to_state,5,0.05434782608695652
1,"[0,0,0,1]",8,"[1,0,0,0]",state_to_state,2,0.021739130434782608
1,"[0,0,0,1]",9,"[1,0,0,1]",state_to_state,1,0.010869565217391304
1,"[0,0,0,1]",11,"[1,0,1,1]",state_to_state,1,0.010869565217391304
2,"[0,0,1,0]",END,END,state_to_END,75,0.3472222222222222
2,"[0,0,1,0]",0,"[0,0,0,0]",state_to_state,90,0.4166666666666667
2,"[0,0,1,0]",3,"[0,0,1,1]",state_to_state,6,0.027777777777777776
2,"[0,0,1,0]",4,"[0,1,0,0]",state_to_state,4,0.018518518518518517
2,"[0,0,1,0]",6,"[0,1,1,0]",state_to_state,21,0.09722222222222222
2,"[0,0,1,0]",8,"[1,0,0,0]",state_to_state,7,0.032407407407407406
2,"[0,0,1,0]",10,"[1,0,1,0]",state_to_state,13,0.06018518518518518
3,"[0,0,1,1]",END,END,state_to_END,2,0.15384615384615385
3,"[0,0,1,1]",0,"[0,0,0,0]",state_to_state,2,0.15384615384615385
3,"[0,0,1,1]",1,"[0,0,0,1]",state_to_state,2,0.15384615384615385
3,"[0,0,1,1]",2,"[0,0,1,0]",state_to_state,6,0.46153846153846156
3,"[0,0,1,1]",11,"[1,0,1,1]",state_to_state,1,0.07692307692307693
4,"[0,1,0,0]",END,END,state_to_END,44,0.2682926829268293
4,"[0,1,0,0]",0,"[0,0,0,0]",state_to_state,63,0.38414634146341464
4,"[0,1,0,0]",1,"[0,0,0,1]",state_to_state,3,0.018292682926829267
4,"[0,1,0,0]",2,"[0,0,1,0]",state_to_state,7,0.042682926829268296
4,"[0,1,0,0]",5,"[0,1,0,1]",state_to_state,16,0.0975609756097561
4,"[0,1,0,0]",6,"[0,1,1,0]",state_to_state,25,0.1524390243902439
4,"[0,1,0,0]",8,"[1,0,0,0]",state_to_state,1,0.006097560975609756
4,"[0,1,0,0]",12,"[1,1,0,0]",state_to_state,3,0.018292682926829267
4,"[0,1,0,0]",13,"[1,1,0,1]",state_to_state,1,0.006097560975609756
4,"[0,1,0,0]",14,"[1,1,1,0]",state_to_state,1,0.006097560975609756
5,"[0,1,0,1]",END,END,state_to_END,11,0.36666666666666664
5,"[0,1,0,1]",0,"[0,0,0,0]",state_to_state,3,0.1
5,"[0,1,0,1]",1,"[0,0,0,1]",state_to_state,6,0.2
5,"[0,1,0,1]",4,"[0,1,0,0]",state_to_state,4,0.13333333333333333
5,"[0,1,0,1]",6,"[0,1,1,0]",state_to_state,2,0.06666666666666667
5,"[0,1,0,1]",7,"[0,1,1,1]",state_to_state,1,0.03333333333333333
5,"[0,1,0,1]",9,"[1,0,0,1]",state_to_state,1,0.03333333333333333
5,"[0,1,0,1]",13,"[1,1,0,1]",state_to_state,2,0.06666666666666667
6,"[0,1,1,0]",END,END,state_to_END,30,0.45454545454545453
6,"[0,1,1,0]",0,"[0,0,0,0]",state_to_state,3,0.045454545454545456
6,"[0,1,1,0]",2,"[0,0,1,0]",state_to_state,13,0.19696969696969696
6,"[0,1,1,0]",4,"[0,1,0,0]",state_to_state,13,0.19696969696969696
6,"[0,1,1,0]",7,"[0,1,1,1]",state_to_state,2,0.030303030303030304
6,"[0,1,1,0]",8,"[1,0,0,0]",state_to_state,1,0.015151515151515152
6,"[0,1,1,0]",10,"[1,0,1,0]",state_to_state,1,0.015151515151515152
6,"[0,1,1,0]",14,"[1,1,1,0]",state_to_state,3,0.045454545454545456
7,"[0,1,1,1]",END,END,state_to_END,1,0.25
7,"[0,1,1,1]",5,"[0,1,0,1]",state_to_state,2,0.5
7,"[0,1,1,1]",6,"[0,1,1,0]",state_to_state,1,0.25
8,"[1,0,0,0]",END,END,state_to_END,18,0.10227272727272728
8,"[1,0,0,0]",0,"[0,0,0,0]",state_to_state,131,0.7443181818181818
8,"[1,0,0,0]",2,"[0,0,1,0]",state_to_state,8,0.045454545454545456
8,"[1,0,0,0]",4,"[0,1,0,0]",state_to_state,3,0.017045454545454544
8,"[1,0,0,0]",9,"[1,0,0,1]",state_to_state,3,0.017045454545454544
8,"[1,0,0,0]",10,"[1,0,1,0]",state_to_state,5,0.028409090909090908
8,"[1,0,0,0]",12,"[1,1,0,0]",state_to_state,8,0.045454545454545456
9,"[1,0,0,1]",END,END,state_to_END,2,0.25
9,"[1,0,0,1]",0,"[0,0,0,0]",state_to_state,1,0.125
9,"[1,0,0,1]",1,"[0,0,0,1]",state_to_state,3,0.375
9,"[1,0,0,1]",3,"[0,0,1,1]",state_to_state,1,0.125
9,"[1,0,0,1]",8,"[1,0,0,0]",state_to_state,1,0.125
10,"[1,0,1,0]",END,END,state_to_END,13,0.43333333333333335
10,"[1,0,1,0]",0,"[0,0,0,0]",state_to_state,2,0.06666666666666667
10,"[1,0,1,0]",2,"[0,0,1,0]",state_to_state,8,0.26666666666666666
10,"[1,0,1,0]",6,"[0,1,1,0]",state_to_state,3,0.1
10,"[1,0,1,0]",8,"[1,0,0,0]",state_to_state,4,0.13333333333333333
11,"[1,0,1,1]",END,END,state_to_END,1,0.5
11,"[1,0,1,1]",10,"[1,0,1,0]",state_to_state,1,0.5
12,"[1,1,0,0]",END,END,state_to_END,6,0.3
12,"[1,1,0,0]",0,"[0,0,0,0]",state_to_state,2,0.1
12,"[1,1,0,0]",4,"[0,1,0,0]",state_to_state,6,0.3
12,"[1,1,0,0]",5,"[0,1,0,1]",state_to_state,1,0.05
12,"[1,1,0,0]",6,"[0,1,1,0]",state_to_state,1,0.05
12,"[1,1,0,0]",8,"[1,0,0,0]",state_to_state,2,0.1
12,"[1,1,0,0]",13,"[1,1,0,1]",state_to_state,1,0.05
12,"[1,1,0,0]",15,"[1,1,1,1]",state_to_state,1,0.05
13,"[1,1,0,1]",END,END,state_to_END,3,0.6
13,"[1,1,0,1]",5,"[0,1,0,1]",state_to_state,1,0.2
13,"[1,1,0,1]",12,"[1,1,0,0]",state_to_state,1,0.2
14,"[1,1,1,0]",END,END,state_to_END,3,0.75
14,"[1,1,1,0]",6,"[0,1,1,0]",state_to_state,1,0.25
15,"[1,1,1,1]",13,"[1,1,0,1]",state_to_state,1,1.0
