session,unit_id,lr_pref,final_label,final_name,strongly_fsi_like,retained_after_fsi_audit,session_included_in_claw,used_in_claw
Hench_2017-06-18,400,L,0,iSPN_left,False,True,True,True
Hench_2017-06-18,416,L,0,iSPN_left,False,True,True,True
Hench_2017-06-18,440,L,0,iSPN_left,False,True,True,True
Hench_2017-06-18,697,L,0,iSPN_left,False,True,True,True
Hench_2017-06-18,700,L,0,iSPN_left,False,True,True,True
Hench_2017-06-18,702,R,2,dSPN_right,False,True,True,True
Hench_2017-06-18,727,R,3,iSPN_right,False,True,True,True
Hench_2017-06-18,728,R,2,dSPN_right,False,True,True,True
Hench_2017-06-18,745,L,0,iSPN_left,False,True,True,True
Hench_2017-06-18,781,L,0,iSPN_left,False,True,True,True
Hench_2017-06-18,808,R,2,dSPN_right,False,True,True,True
Hench_2017-06-18,819,R,2,dSPN_right,False,True,True,True
Hench_2017-06-18,828,L,1,dSPN_left,False,True,True,True
Hench_2017-06-18,832,L,0,iSPN_left,False,True,True,True
Hench_2017-06-18,833,L,0,iSPN_left,False,True,True,True
Hench_2017-06-18,835,R,2,dSPN_right,False,True,True,True
Hench_2017-06-18,845,R,2,dSPN_right,False,True,True,True
Hench_2017-06-18,855,R,2,dSPN_right,False,True,True,True
Hench_2017-06-18,877,L,0,iSPN_left,False,True,True,True
Hench_2017-06-18,881,R,2,dSPN_right,False,True,True,True
Hench_2017-06-18,939,L,0,iSPN_left,False,True,True,True
Hench_2017-06-18,962,L,1,dSPN_left,False,True,True,True
Hench_2017-06-18,963,R,2,dSPN_right,False,True,True,True
Hench_2017-06-18,968,R,2,dSPN_right,False,True,True,True
Hench_2017-06-18,969,R,2,dSPN_right,False,True,True,True
Hench_2017-06-18,1001,L,0,iSPN_left,False,True,True,True
Hench_2017-06-18,1021,L,0,iSPN_left,False,True,True,True
Hench_2017-06-18,1031,L,0,iSPN_left,False,True,True,True
Hench_2017-06-18,1032,R,2,dSPN_right,False,True,True,True
Hench_2017-06-18,1040,R,3,iSPN_right,False,True,True,True
Hench_2017-06-18,1043,R,2,dSPN_right,False,True,True,True
Hench_2017-06-18,1049,R,3,iSPN_right,False,True,True,True
Hench_2017-06-18,1052,R,2,dSPN_right,False,True,True,True
Hench_2017-06-18,1062,R,2,dSPN_right,False,True,True,True
Hench_2017-06-18,1096,L,0,iSPN_left,False,True,True,True
Hench_2017-06-18,1142,R,2,dSPN_right,False,True,True,True
Hench_2017-06-18,1152,R,2,dSPN_right,False,True,True,True
Hench_2017-06-18,1159,L,0,iSPN_left,False,True,True,True
Hench_2017-06-18,1161,L,0,iSPN_left,False,True,True,True
Hench_2017-06-18,1168,L,1,dSPN_left,False,True,True,True
Hench_2017-06-18,1183,R,2,dSPN_right,False,True,True,True
Hench_2017-06-18,1199,L,0,iSPN_left,False,True,True,True
Hench_2017-06-18,1201,R,2,dSPN_right,False,True,True,True
Hench_2017-06-18,1217,R,2,dSPN_right,False,True,True,True
Hench_2017-06-18,1249,R,2,dSPN_right,False,True,True,True
Hench_2017-06-18,1268,R,3,iSPN_right,False,True,True,True
Hench_2017-06-18,1326,R,2,dSPN_right,False,True,True,True
Hench_2017-06-18,1362,R,2,dSPN_right,False,True,True,True
Hench_2017-06-18,1380,L,0,iSPN_left,False,True,True,True
Hench_2017-06-18,1398,R,2,dSPN_right,False,True,True,True
Lederberg_2017-12-11,1,L,0,iSPN_left,False,True,True,True
Lederberg_2017-12-11,6,R,3,iSPN_right,False,True,True,True
Lederberg_2017-12-11,10,R,3,iSPN_right,False,True,True,True
Lederberg_2017-12-11,24,L,0,iSPN_left,False,True,True,True
Lederberg_2017-12-11,33,L,0,iSPN_left,False,True,True,True
Lederberg_2017-12-11,40,R,2,dSPN_right,False,True,True,True
Lederberg_2017-12-11,43,L,0,iSPN_left,False,True,True,True
Lederberg_2017-12-11,119,L,0,iSPN_left,False,True,True,True
Lederberg_2017-12-11,129,R,2,dSPN_right,False,True,True,True
Lederberg_2017-12-11,149,L,0,iSPN_left,False,True,True,True
Lederberg_2017-12-11,154,L,1,dSPN_left,False,True,True,True
Lederberg_2017-12-11,168,L,0,iSPN_left,False,True,True,True
Lederberg_2017-12-11,169,R,3,iSPN_right,False,True,True,True
Lederberg_2017-12-11,174,L,1,dSPN_left,False,True,True,True
Lederberg_2017-12-11,222,R,2,dSPN_right,False,True,True,True
Lederberg_2017-12-11,264,L,0,iSPN_left,True,False,True,False
Lederberg_2017-12-11,290,L,0,iSPN_left,False,True,True,True
Lederberg_2017-12-11,302,R,2,dSPN_right,False,True,True,True
Lederberg_2017-12-11,308,R,3,iSPN_right,False,True,True,True
Lederberg_2017-12-11,309,R,2,dSPN_right,False,True,True,True
Lederberg_2017-12-11,312,L,0,iSPN_left,False,True,True,True
Lederberg_2017-12-11,319,L,0,iSPN_left,False,True,True,True
Lederberg_2017-12-11,327,R,2,dSPN_right,False,True,True,True
Lederberg_2017-12-11,386,R,2,dSPN_right,False,True,True,True
Lederberg_2017-12-11,443,R,2,dSPN_right,False,True,True,True
Lederberg_2017-12-11,453,L,0,iSPN_left,False,True,True,True
Lederberg_2017-12-11,476,L,0,iSPN_left,False,True,True,True
Lederberg_2017-12-11,532,L,1,dSPN_left,False,True,True,True
Lederberg_2017-12-11,551,R,2,dSPN_right,False,True,True,True
Radnitz_2017-01-12,13,L,1,iSPN_left,False,True,True,True
Radnitz_2017-01-12,26,R,3,dSPN_right,False,True,True,True
Radnitz_2017-01-12,33,L,1,iSPN_left,False,True,True,True
Radnitz_2017-01-12,36,L,1,iSPN_left,False,True,True,True
Radnitz_2017-01-12,71,R,3,dSPN_right,False,True,True,True
Radnitz_2017-01-12,112,L,0,dSPN_left,False,True,True,True
Radnitz_2017-01-12,113,R,3,dSPN_right,False,True,True,True
Radnitz_2017-01-12,137,L,1,iSPN_left,False,True,True,True
Radnitz_2017-01-12,175,R,3,dSPN_right,False,True,True,True
Radnitz_2017-01-12,243,L,1,iSPN_left,False,True,True,True
Radnitz_2017-01-12,278,L,1,iSPN_left,False,True,True,True
Radnitz_2017-01-12,344,R,2,iSPN_right,False,True,True,True
Radnitz_2017-01-12,352,L,0,dSPN_left,True,False,True,False
Radnitz_2017-01-12,367,L,0,dSPN_left,False,True,True,True
Radnitz_2017-01-12,371,R,3,dSPN_right,False,True,True,True
Radnitz_2017-01-12,382,L,1,iSPN_left,True,False,True,False
Radnitz_2017-01-12,426,L,1,iSPN_left,False,True,True,True
Radnitz_2017-01-12,433,L,1,iSPN_left,False,True,True,True
Radnitz_2017-01-12,446,L,1,iSPN_left,False,True,True,True
Radnitz_2017-01-12,511,R,3,dSPN_right,False,True,True,True
Radnitz_2017-01-12,513,L,1,iSPN_left,False,True,True,True
Radnitz_2017-01-12,522,L,0,dSPN_left,False,True,True,True
Radnitz_2017-01-12,525,L,1,iSPN_left,False,True,True,True
Radnitz_2017-01-12,538,R,3,dSPN_right,False,True,True,True
Radnitz_2017-01-12,623,L,1,iSPN_left,True,False,True,False
Radnitz_2017-01-12,627,R,3,dSPN_right,False,True,True,True
Radnitz_2017-01-12,652,L,1,iSPN_left,False,True,True,True
Radnitz_2017-01-12,671,R,3,dSPN_right,False,True,True,True
Radnitz_2017-01-12,673,L,0,dSPN_left,False,True,True,True
Radnitz_2017-01-12,675,R,3,dSPN_right,False,True,True,True
Radnitz_2017-01-12,700,R,3,dSPN_right,False,True,True,True
Radnitz_2017-01-12,755,L,0,dSPN_left,False,True,True,True
Radnitz_2017-01-12,760,R,3,dSPN_right,False,True,True,True
Radnitz_2017-01-12,762,L,0,dSPN_left,False,True,True,True
Radnitz_2017-01-12,789,R,3,dSPN_right,True,False,True,False
Radnitz_2017-01-12,791,R,3,dSPN_right,False,True,True,True
Radnitz_2017-01-12,804,R,3,dSPN_right,False,True,True,True
Radnitz_2017-01-12,943,R,3,dSPN_right,False,True,True,True
Radnitz_2017-01-12,946,L,1,iSPN_left,False,True,True,True
Radnitz_2017-01-12,948,R,3,dSPN_right,False,True,True,True
Radnitz_2017-01-12,1006,R,3,dSPN_right,False,True,True,True
Radnitz_2017-01-12,1018,R,3,dSPN_right,False,True,True,True
Radnitz_2017-01-12,1021,R,3,dSPN_right,False,True,True,True
Radnitz_2017-01-12,1028,R,3,dSPN_right,False,True,True,True
Radnitz_2017-01-12,1041,R,3,dSPN_right,False,True,True,True
Radnitz_2017-01-12,1045,R,3,dSPN_right,True,False,True,False
Radnitz_2017-01-12,1049,R,2,iSPN_right,False,True,True,True
Radnitz_2017-01-12,1091,R,3,dSPN_right,False,True,True,True
Radnitz_2017-01-12,1094,R,3,dSPN_right,False,True,True,True
Radnitz_2017-01-12,1110,R,2,iSPN_right,False,True,True,True
Richards_2017-11-01,13,R,3,dSPN_right,False,True,True,True
Richards_2017-11-01,22,R,2,iSPN_right,False,True,True,True
Richards_2017-11-01,28,R,2,iSPN_right,False,True,True,True
Richards_2017-11-01,44,L,0,iSPN_left,False,True,True,True
Richards_2017-11-01,48,R,3,dSPN_right,False,True,True,True
Richards_2017-11-01,69,L,1,dSPN_left,False,True,True,True
Richards_2017-11-01,88,R,3,dSPN_right,False,True,True,True
Richards_2017-11-01,108,R,3,dSPN_right,True,False,True,False
Richards_2017-11-01,137,R,3,dSPN_right,True,False,True,False
Richards_2017-11-01,146,L,1,dSPN_left,True,False,True,False
Richards_2017-11-01,152,L,0,iSPN_left,False,True,True,True
Richards_2017-11-01,153,L,0,iSPN_left,False,True,True,True
Richards_2017-11-01,155,R,2,iSPN_right,False,True,True,True
Richards_2017-11-01,189,L,0,iSPN_left,False,True,True,True
Richards_2017-11-01,196,R,2,iSPN_right,False,True,True,True
Richards_2017-11-01,197,R,2,iSPN_right,False,True,True,True
Richards_2017-11-01,204,R,2,iSPN_right,False,True,True,True
Richards_2017-11-01,210,R,3,dSPN_right,False,True,True,True
Richards_2017-11-01,226,R,3,dSPN_right,False,True,True,True
Richards_2017-11-01,267,R,2,iSPN_right,False,True,True,True
Richards_2017-11-01,268,R,3,dSPN_right,False,True,True,True
Richards_2017-11-01,339,R,2,iSPN_right,False,True,True,True
Richards_2017-11-01,348,R,2,iSPN_right,False,True,True,True
Richards_2017-11-01,356,L,0,iSPN_left,False,True,True,True
Richards_2017-11-01,370,R,3,dSPN_right,False,True,True,True
Richards_2017-11-01,381,R,3,dSPN_right,False,True,True,True
Richards_2017-11-01,392,L,1,dSPN_left,False,True,True,True
Richards_2017-11-01,393,L,0,iSPN_left,False,True,True,True
Richards_2017-11-01,427,L,0,iSPN_left,False,True,True,True
Richards_2017-11-01,432,R,2,iSPN_right,False,True,True,True
Richards_2017-11-01,433,R,2,iSPN_right,False,True,True,True
Richards_2017-11-01,434,R,2,iSPN_right,False,True,True,True
Richards_2017-11-01,452,L,1,dSPN_left,False,True,True,True
Richards_2017-11-01,466,L,1,dSPN_left,False,True,True,True
Richards_2017-11-01,470,R,2,iSPN_right,False,True,True,True
