session,unit_id,lr_pref,final_label,final_name,trough_half_width_ms,trough_index,left_crossing_sample,right_crossing_sample,baseline,trough_amplitude,positive_amplitude,negative_to_positive_ratio,trough_to_later_peak_ms,width_valid,qc_status,qc_warning,data_source,sample_rate_hz,reported_peak_channel,selected_template_channel,waveform_column,channel_selection,n_session_spikes,recording_duration_s,session_rate_hz,strongly_fsi_like,not_strongly_fsi_like,narrow_trough_lt_0p15ms
Hench_2017-06-18,400,L,0,iSPN_left,0.6468903878518149,39,35.12638860455769,54.533100240112134,0.0,-0.5373695492744446,1.343646764755249,0.3999336457840009,1.4,True,ok,positive_excursion_larger,Steinmetz,30000.0,571,196,0,max_ptp_among_top50,12721,3719.90748054808,3.419708706875077,False,True,False
Hench_2017-06-18,416,L,0,iSPN_left,0.2489548771331864,40,36.7330533384439,44.201699652439494,0.0034376566763967276,-1.2725905363913625,0.6978495533112437,1.8235886665729255,0.4,True,ok,,Steinmetz,30000.0,623,248,0,max_ptp_among_top50,825,3719.90748054808,0.22177970939170966,False,True,False
Hench_2017-06-18,440,L,0,iSPN_left,0.17012083838334557,40,37.748065552883844,42.85169070438421,0.1081179529428482,-2.649095430970192,0.5175666064023972,5.118366212580909,0.6,True,ok,,Steinmetz,30000.0,607,232,0,max_ptp_among_top50,8306,3719.90748054808,2.2328512317667157,False,True,False
Hench_2017-06-18,697,L,0,iSPN_left,0.29789793575514645,40,35.93312391298282,44.870061985637214,0.04713788628578186,-0.8527055084705353,0.2021007388830185,4.219210247242613,0.7333333333333333,True,ok,,Steinmetz,30000.0,529,154,0,max_ptp_among_top50,52175,3719.90748054808,14.025886469712061,False,True,False
Hench_2017-06-18,700,L,0,iSPN_left,0.2070109943002881,41,38.50008511288252,44.710414941891166,0.0,-1.3434420824050903,1.7263951301574707,0.7781776367050747,1.0666666666666667,True,ok,positive_excursion_larger,Steinmetz,30000.0,578,203,0,max_ptp_among_top50,98925,3719.90748054808,26.593403335242275,False,True,False
Hench_2017-06-18,702,R,2,dSPN_right,0.19601755855764083,40,38.24321246411929,44.12373922084851,0.008771242573857307,-1.5289135593920946,2.186824021860957,0.6991479625740576,0.8666666666666667,True,ok,positive_excursion_larger,Steinmetz,30000.0,599,224,0,max_ptp_among_top50,48766,3719.90748054808,13.1094658281165,False,True,False
Hench_2017-06-18,727,R,3,iSPN_right,0.2170183149913086,40,36.30393942731632,42.81448887705558,-0.004495058674365282,-1.165026034694165,0.6711456519551575,1.7358766033874358,0.3,True,ok,,Steinmetz,30000.0,525,150,0,max_ptp_among_top50,12230,3719.90748054808,3.287716176800738,False,True,False
Hench_2017-06-18,728,R,2,dSPN_right,0.1890029697829486,40,37.331579028793975,43.00166812228243,0.10249055922031403,-2.246348515152931,0.469394788146019,4.785627305376341,0.5,True,ok,,Steinmetz,30000.0,605,230,0,max_ptp_among_top50,11952,3719.90748054808,3.2129831353329865,False,True,False
Hench_2017-06-18,745,L,0,iSPN_left,0.2321738934920558,40,36.373126289599334,43.33834309436101,0.09989962726831436,-1.6613245978951454,0.3014565333724022,5.510992179568521,0.6,True,ok,,Steinmetz,30000.0,606,231,0,max_ptp_among_top50,2271,3719.90748054808,0.610499054580088,False,True,False
Hench_2017-06-18,781,L,0,iSPN_left,0.2517565151060275,40,37.01116583622759,44.563861289408415,0.08732184022665024,-1.45973452180624,0.333353616297245,4.37893711194848,0.8666666666666667,True,ok,,Steinmetz,30000.0,811,436,0,max_ptp_among_top50,1437,3719.90748054808,0.38629993017683245,False,True,False
Hench_2017-06-18,808,R,2,dSPN_right,0.07886719921021641,40,38.55447864623994,40.920494622546435,0.020505396649241447,-1.5347367208451033,0.2477544266730547,6.194588494155928,0.23333333333333334,True,ok,,Steinmetz,30000.0,899,524,0,max_ptp_among_top50,2571,3719.90748054808,0.6911462216316188,False,True,True
Hench_2017-06-18,819,R,2,dSPN_right,0.23768635710482164,40,37.17923149962082,44.30982221276547,0.05755303055047989,-1.7536259666085243,0.483032189309597,3.6304536331522756,0.5333333333333333,True,ok,,Steinmetz,30000.0,817,442,0,max_ptp_among_top50,953,3719.90748054808,0.2561891673336961,False,True,False
Hench_2017-06-18,828,L,1,dSPN_left,0.09695151310623137,40,38.597850087149226,41.50639548033617,0.01817459799349308,-2.703967759385705,0.4277337398380041,6.321614377228649,0.7,True,ok,,Steinmetz,30000.0,849,474,0,max_ptp_among_top50,3625,3719.90748054808,0.9744866018726636,False,True,True
Hench_2017-06-18,832,L,0,iSPN_left,0.22477884299213546,40,36.88880516749478,43.632170457258844,0.07566889375448227,-1.634920559823513,0.4431689754128456,3.6891584260844525,0.6333333333333333,True,ok,,Steinmetz,30000.0,763,388,0,max_ptp_among_top50,5092,3719.90748054808,1.3688512487546491,False,True,False
Hench_2017-06-18,833,L,0,iSPN_left,0.23420814491720018,40,38.26181749083029,45.288061838346295,0.02021017111837864,-1.2670388463884592,1.332662319764495,0.9507576132357126,0.6666666666666666,True,ok,positive_excursion_larger,Steinmetz,30000.0,837,462,0,max_ptp_among_top50,12569,3719.90748054808,3.378847475568968,False,True,False
Hench_2017-06-18,835,R,2,dSPN_right,0.3327893851658634,40,36.92719327951203,46.910874834487934,0.08089131116867065,-1.289736568927765,0.5073774456977844,2.541966695334713,0.7333333333333333,True,ok,,Steinmetz,30000.0,860,485,0,max_ptp_among_top50,1402,3719.90748054808,0.3768910940208205,False,True,False
Hench_2017-06-18,845,R,2,dSPN_right,0.24945588821730288,41,38.85429555623904,46.337972202758124,0.056608688086271286,-1.4685897938907146,0.46709566190838814,3.144087846781909,0.7333333333333333,True,ok,,Steinmetz,30000.0,777,402,0,max_ptp_among_top50,3212,3719.90748054808,0.8634623352317229,False,True,False
Hench_2017-06-18,855,R,2,dSPN_right,0.23488205310423754,43,40.4028202211761,47.44928181430323,0.10218077898025513,-1.4587278962135315,0.2982499599456787,4.890957559488741,0.9,True,ok,,Steinmetz,30000.0,934,559,0,max_ptp_among_top50,10032,3719.90748054808,2.6968412662031893,False,True,False
Hench_2017-06-18,877,L,0,iSPN_left,0.1095651215377598,40,38.851356934212944,42.13831058034574,0.007208545692265034,-1.6648693876340985,1.4555582208558917,1.1438013016443467,1.1,True,ok,,Steinmetz,30000.0,898,523,0,max_ptp_among_top50,28006,3719.90748054808,7.52868186815057,False,True,True
Hench_2017-06-18,881,R,2,dSPN_right,0.27537425948865274,40,36.29698787770837,44.55821566236795,0.07744625210762024,-1.3694819509983063,0.3569258153438568,3.8368812008707427,0.7,True,ok,,Steinmetz,30000.0,790,415,0,max_ptp_among_top50,1780,3719.90748054808,0.4785065245057493,False,True,False
Hench_2017-06-18,939,L,0,iSPN_left,0.1921413181054807,40,38.335072855727354,44.099312398891776,0.034993793815374374,-1.5507523082196712,0.39021894708275795,3.974056923204158,0.7,True,ok,,Steinmetz,30000.0,779,404,0,max_ptp_among_top50,3133,3719.90748054808,0.8422252479081531,False,True,False
Hench_2017-06-18,962,L,1,dSPN_left,0.2770174318226817,40,37.86757896634141,46.17810192102186,0.043046917766332626,-1.6791661642491817,0.6545227505266666,2.5654817390198095,0.6666666666666666,True,ok,,Steinmetz,30000.0,891,516,0,max_ptp_among_top50,5433,3719.90748054808,1.4605201953032225,False,True,False
Hench_2017-06-18,963,R,2,dSPN_right,0.3118499846530898,39,37.08502898821388,46.44052852780657,0.05584031343460083,-1.3138285279273987,0.5883883833885193,2.232927374196413,0.7666666666666667,True,ok,,Steinmetz,30000.0,860,485,0,max_ptp_among_top50,1403,3719.90748054808,0.3771599179109923,False,True,False
Hench_2017-06-18,968,R,2,dSPN_right,0.2767547051166069,40,37.529864967404855,45.83250612090306,0.06867634505033493,-1.524337999522686,0.4320175126194954,3.5284171474438932,0.8,True,ok,,Steinmetz,30000.0,771,396,0,max_ptp_among_top50,5970,3719.90748054808,1.6048786243254625,False,True,False
Hench_2017-06-18,969,R,2,dSPN_right,0.23441436453461956,40,36.90689165530387,43.93932259134246,0.017844876274466515,-1.5778488721698523,0.6949497852474451,2.270450190308413,0.6666666666666666,True,ok,,Steinmetz,30000.0,770,395,0,max_ptp_among_top50,1254,3719.90748054808,0.33710515827539866,False,True,False
Hench_2017-06-18,1001,L,0,iSPN_left,0.13192522657942524,40,38.69525686304594,42.6530136604287,0.057244617491960526,-1.9107852764427662,1.2067921571433544,1.5833590441670269,0.6,True,ok,,Steinmetz,30000.0,751,376,0,max_ptp_among_top50,3426,3719.90748054808,0.9209906477284815,False,True,True
Hench_2017-06-18,1021,L,0,iSPN_left,0.36189325882491186,40,36.90791888680052,47.76471665154788,0.0575002022087574,-1.1239536590874195,0.5619022659957409,2.00026539685807,0.8333333333333334,True,ok,,Steinmetz,30000.0,860,485,0,max_ptp_among_top50,5818,3719.90748054808,1.5640173930193537,False,True,False
Hench_2017-06-18,1031,L,0,iSPN_left,0.2377485343907016,41,38.083674821666115,45.21613085338716,0.0633271113038063,-1.366847075521946,0.3790528103709221,3.6059542051262405,0.7666666666666667,True,ok,,Steinmetz,30000.0,815,440,0,max_ptp_among_top50,7864,3719.90748054808,2.1140310723107936,False,True,False
Hench_2017-06-18,1032,R,2,dSPN_right,0.2665229180525616,41,37.42964591981776,45.42533346139461,0.09709766507148743,-1.3715162575244904,0.2251633107662201,6.09120665732479,1.0333333333333334,True,ok,,Steinmetz,30000.0,817,442,0,max_ptp_among_top50,2664,3719.90748054808,0.7161468434175934,False,True,False
Hench_2017-06-18,1040,R,3,iSPN_right,0.2086915434065522,40,37.32286585994988,43.583612162146444,0.08594623953104019,-1.8165310993790627,0.4853754863142967,3.742527487683625,0.6666666666666666,True,ok,,Steinmetz,30000.0,763,388,0,max_ptp_among_top50,2102,3719.90748054808,0.565067817141059,False,True,False
Hench_2017-06-18,1043,R,2,dSPN_right,0.24995509916103842,41,38.42358871096725,45.922241685798404,0.09548091143369675,-1.4634258672595024,0.2275117114186287,6.432310047401264,0.6333333333333333,True,ok,,Steinmetz,30000.0,779,404,0,max_ptp_among_top50,4304,3719.90748054808,1.157018023299295,False,True,False
Hench_2017-06-18,1049,R,3,iSPN_right,0.2000292473923037,41,36.73846711419245,42.739344535961564,-0.0026019569486379623,-1.6659963373094797,1.0001105424016714,1.665812194428774,0.23333333333333334,True,ok,,Steinmetz,30000.0,893,518,0,max_ptp_among_top50,9577,3719.90748054808,2.574526396175034,False,True,False
Hench_2017-06-18,1052,R,2,dSPN_right,0.35602474920246746,40,36.700271706021674,47.3810141820957,0.14563104510307312,-1.1980160176753998,0.17253822088241577,6.943481922720437,1.2666666666666666,True,ok,,Steinmetz,30000.0,814,439,0,max_ptp_among_top50,5956,3719.90748054808,1.6011150898630577,False,True,False
Hench_2017-06-18,1062,R,2,dSPN_right,0.20846564302392043,41,36.98397883446981,43.23794812518742,0.09191706776618958,-1.710547000169754,0.37646806240081787,4.543670953815385,0.8333333333333334,True,ok,,Steinmetz,30000.0,921,546,0,max_ptp_among_top50,3914,3719.90748054808,1.0521767061323049,False,True,False
Hench_2017-06-18,1096,L,0,iSPN_left,0.22761472677453465,41,38.421152207362084,45.24959401059812,0.054410420358181,-1.7425553426146507,0.6117130890488625,2.848648122478639,0.6333333333333333,True,ok,,Steinmetz,30000.0,782,407,0,max_ptp_among_top50,2400,3719.90748054808,0.6451773364122463,False,True,False
Hench_2017-06-18,1142,R,2,dSPN_right,0.23727443113797525,41,38.506936774593576,45.625169708732834,0.12250614166259766,-1.6315677165985107,0.28260931372642517,5.77322698634738,0.9,True,ok,,Steinmetz,30000.0,935,560,0,max_ptp_among_top50,4472,3719.90748054808,1.2021804368481521,False,True,False
Hench_2017-06-18,1152,R,2,dSPN_right,0.2739011350785117,41,37.15637356262475,45.3734076149801,0.10096222162246704,-1.4647892117500305,0.31586289405822754,4.637420980129451,0.8333333333333334,True,ok,,Steinmetz,30000.0,790,415,0,max_ptp_among_top50,3786,3719.90748054808,1.0177672481903184,False,True,False
Hench_2017-06-18,1159,L,0,iSPN_left,0.31773297209473245,41,38.73645232475243,48.2684414875944,0.12029155343770981,-1.4443667754530907,0.7542091384530067,1.9150746150009508,0.9,True,ok,,Steinmetz,30000.0,896,521,0,max_ptp_among_top50,12392,3719.90748054808,3.3312656470085646,False,True,False
Hench_2017-06-18,1161,L,0,iSPN_left,0.24231853773051903,40,37.81681929140956,45.08637542332513,0.09542081505060196,-1.769441582262516,0.3840205892920494,4.607673733131136,1.1,True,ok,,Steinmetz,30000.0,933,558,0,max_ptp_among_top50,10654,3719.90748054808,2.86404972589003,False,True,False
Hench_2017-06-18,1168,L,1,dSPN_left,0.19860502367953123,40,37.67465076601183,43.632801476397766,0.03473643213510513,-1.513066090643406,0.4868674501776695,3.1077577482151497,0.8333333333333334,True,ok,,Steinmetz,30000.0,763,388,0,max_ptp_among_top50,7021,3719.90748054808,1.887412532895992,False,True,False
Hench_2017-06-18,1183,R,2,dSPN_right,0.22275384214265206,41,38.84316708641523,45.52578235069479,0.054212845861911774,-1.5902880802750587,0.5586293563246727,2.846767829635489,0.7,True,ok,,Steinmetz,30000.0,850,475,0,max_ptp_among_top50,5591,3719.90748054808,1.502994369950362,False,True,False
Hench_2017-06-18,1199,L,0,iSPN_left,0.2993174125318335,41,36.958507155216964,45.93802953117197,0.06325051188468933,-1.374877780675888,0.4162183701992035,3.3032606898582277,0.7333333333333333,True,ok,,Steinmetz,30000.0,771,396,0,max_ptp_among_top50,9318,3719.90748054808,2.504901008620546,False,True,False
Hench_2017-06-18,1201,R,2,dSPN_right,0.21348228980097422,40,36.958459043136145,43.36292773716537,0.033577483147382736,-1.4938381128013134,0.6365309543907642,2.346842840080093,0.6666666666666666,True,ok,,Steinmetz,30000.0,845,470,0,max_ptp_among_top50,7348,3719.90748054808,1.9753179449821605,False,True,False
Hench_2017-06-18,1217,R,2,dSPN_right,0.23143283725918712,40,38.054832130203806,44.99781724797942,0.051742762327194214,-1.340206354856491,0.5110271871089935,2.622573492495317,0.7,True,ok,,Steinmetz,30000.0,772,397,0,max_ptp_among_top50,6574,3719.90748054808,1.7672482539892111,False,True,False
Hench_2017-06-18,1249,R,2,dSPN_right,0.21443904157977065,41,38.14825451175553,44.58142575914865,0.05558207258582115,-1.459358599036932,0.29597288742661476,4.930717173878887,0.7,True,ok,,Steinmetz,30000.0,817,442,0,max_ptp_among_top50,5802,3719.90748054808,1.5597162107766054,False,True,False
Hench_2017-06-18,1268,R,3,iSPN_right,0.11756492758983157,40,38.84685832167202,42.37380614936697,-0.0032324164640158415,-2.1012344986665994,0.777043518377468,2.704140050037549,0.26666666666666666,True,ok,,Steinmetz,30000.0,841,466,0,max_ptp_among_top50,2295,3719.90748054808,0.6169508279442105,False,True,True
Hench_2017-06-18,1326,R,2,dSPN_right,0.17095903512083221,40,38.445135572990566,43.57390662661553,0.03487813472747803,-2.137614607810974,0.5737505555152893,3.725686340976468,0.7,True,ok,,Steinmetz,30000.0,771,396,0,max_ptp_among_top50,8047,3719.90748054808,2.1632258442122274,False,True,False
Hench_2017-06-18,1362,R,2,dSPN_right,0.22505686858020843,40,37.4802431898212,44.231949247227455,0.07538047432899475,-1.6434673368930817,0.4280754625797272,3.8392000489563056,0.7666666666666667,True,ok,,Steinmetz,30000.0,763,388,0,max_ptp_among_top50,4963,3719.90748054808,1.3341729669224909,False,True,False
Hench_2017-06-18,1380,L,0,iSPN_left,0.23057736006118384,40,37.4380050286795,44.355325830515014,0.06502816081047058,-1.5390078723430634,0.44142916798591614,3.486420889142889,0.7666666666666667,True,ok,,Steinmetz,30000.0,811,436,0,max_ptp_among_top50,6029,3719.90748054808,1.620739233845597,False,True,False
Hench_2017-06-18,1398,R,2,dSPN_right,0.18794319438682763,40,36.40904571550117,42.047341547106,-0.011616751551628113,-1.512359693646431,1.0805281847715378,1.3996485375957108,0.26666666666666666,True,ok,,Steinmetz,30000.0,798,423,0,max_ptp_among_top50,31033,3719.90748054808,8.342411783700516,False,True,False
Lederberg_2017-12-11,1,L,0,iSPN_left,0.3347815515159103,40,37.50784760874366,47.55129415422097,0.16386497020721436,-1.8710908889770508,0.3086768686771393,6.061649183483584,1.0,True,ok,,Steinmetz,30000.0,253,252,0,max_ptp_among_top50,1618,3497.3649,0.46263402483395427,False,True,False
Lederberg_2017-12-11,6,R,3,iSPN_right,0.3181505175141358,40,36.297256038636355,45.84177156406043,0.10688863694667816,-1.44256292283535,0.30199770629405975,4.776734699536773,0.7666666666666667,True,ok,,Steinmetz,30000.0,201,200,0,max_ptp_among_top50,2659,3497.3649,0.7602866947054909,False,True,False
Lederberg_2017-12-11,10,R,3,iSPN_right,0.3495490700167371,40,36.422633299914224,46.90910540041634,0.1352875679731369,-1.5342861860990524,0.334927961230278,4.580943855697261,1.0,True,ok,,Steinmetz,30000.0,209,208,0,max_ptp_among_top50,4059,3497.3649,1.1605880758967988,False,True,False
Lederberg_2017-12-11,24,L,0,iSPN_left,0.18666331301820616,40,38.181752454061666,43.78165184460785,0.0901428759098053,-2.267855077981949,0.4446416199207306,5.100411154462453,0.9,True,ok,,Steinmetz,30000.0,264,263,0,max_ptp_among_top50,1437,3497.3649,0.410880774837078,False,True,False
Lederberg_2017-12-11,33,L,0,iSPN_left,0.3239940833660557,40,37.14630613699429,46.86612863797596,0.1598142683506012,-1.8818152248859406,0.38599470257759094,4.875235883600414,1.0666666666666667,True,ok,,Steinmetz,30000.0,267,266,0,max_ptp_among_top50,3027,3497.3649,0.8655087720472061,False,True,False
Lederberg_2017-12-11,40,R,2,dSPN_right,0.15396168906667593,40,38.560695682817006,43.17954635481728,0.08542066067457199,-2.248879723250866,0.2838117256760597,7.923843589949902,0.6333333333333333,True,ok,,Steinmetz,30000.0,206,205,0,max_ptp_among_top50,9692,3497.3649,2.771229276075825,False,True,False
Lederberg_2017-12-11,43,L,0,iSPN_left,0.23294333512001136,43,38.297964980086995,45.286265033687336,0.0,-2.5506842136383057,1.5285987854003906,1.6686420517926797,0.26666666666666666,True,ok,,Steinmetz,30000.0,248,247,0,max_ptp_among_top50,17124,3497.3649,4.896257751085682,False,True,False
Lederberg_2017-12-11,119,L,0,iSPN_left,0.2042339970020708,40,38.554212137133824,44.68123204719595,0.12418055534362793,-1.802217960357666,0.3131941854953766,5.75431487499397,0.9666666666666667,True,ok,,Steinmetz,30000.0,213,212,0,max_ptp_among_top50,2510,3497.3649,0.7176831905644161,False,True,False
Lederberg_2017-12-11,129,R,2,dSPN_right,0.2321880888251845,41,37.996602516691404,44.96224518144694,0.05944186821579933,-1.6678697504103184,0.4341880939900875,3.8413530299345235,0.6,True,ok,,Steinmetz,30000.0,208,207,0,max_ptp_among_top50,2479,3497.3649,0.7088193742666086,False,True,False
Lederberg_2017-12-11,149,L,0,iSPN_left,0.199502192719833,40,38.135758340832425,44.120824122427415,0.09944290667772293,-2.478524871170521,0.40908681601285934,6.058676970642364,0.6333333333333333,True,ok,,Steinmetz,30000.0,303,302,0,max_ptp_among_top50,2889,3497.3649,0.826050493044063,False,True,False
Lederberg_2017-12-11,154,L,1,dSPN_left,0.17489208395420378,40,37.595983270153496,42.84274578877961,0.0,-2.1485798358917236,0.886304497718811,2.4242005331370686,0.4666666666666667,True,ok,,Steinmetz,30000.0,253,252,0,max_ptp_among_top50,9561,3497.3649,2.7337725039786385,False,True,False
Lederberg_2017-12-11,168,L,0,iSPN_left,0.23946519779260125,40,35.559447724279266,42.743403658057304,0.16393139958381653,-1.965846210718155,0.35304364562034607,5.568280962156658,0.43333333333333335,True,ok,,Steinmetz,30000.0,261,260,0,max_ptp_among_top50,22485,3497.3649,6.429126111490397,False,True,False
Lederberg_2017-12-11,169,R,3,iSPN_right,0.21747838411315024,40,37.94426392358301,44.468615446977516,0.07173336297273636,-1.9655408933758736,0.36980389803647995,5.315089710552427,0.7666666666666667,True,ok,,Steinmetz,30000.0,209,208,0,max_ptp_among_top50,689,3497.3649,0.19700546545772218,False,True,False
Lederberg_2017-12-11,174,L,1,dSPN_left,0.26092084212669986,40,36.76766351994978,44.595288783750775,0.14525870978832245,-2.028145954012871,0.28417472541332245,7.136968113765225,0.9,True,ok,,Steinmetz,30000.0,333,332,0,max_ptp_among_top50,2825,3497.3649,0.8077510013324604,False,True,False
Lederberg_2017-12-11,222,R,2,dSPN_right,0.23904711420478578,40,38.13806819336047,45.30948161950404,0.1409974992275238,-2.235527843236923,0.39388951659202576,5.675520035615442,0.8666666666666667,True,ok,,Steinmetz,30000.0,237,236,0,max_ptp_among_top50,8581,3497.3649,2.453561537144723,False,True,False
Lederberg_2017-12-11,264,L,0,iSPN_left,0.09285566070358536,40,39.26187847641353,42.04754829752109,0.0,-3.10298228263855,1.1085751056671143,2.7990726715545797,0.2,True,ok,,Steinmetz,30000.0,284,283,0,max_ptp_among_top50,42493,3497.3649,12.150004707830172,True,False,True
Lederberg_2017-12-11,290,L,0,iSPN_left,0.18536807942758007,40,38.663006175884654,44.224048558712056,0.09328139573335648,-2.26633632928133,0.5626101419329643,4.0282535993660895,0.9,True,ok,,Steinmetz,30000.0,264,263,0,max_ptp_among_top50,2093,3497.3649,0.5984505648810051,False,True,False
Lederberg_2017-12-11,302,R,2,dSPN_right,0.2601363041226065,41,38.303721330846535,46.10781045452473,0.12398935854434967,-1.7064924389123917,0.3389798253774643,5.034200595897294,0.9666666666666667,True,ok,,Steinmetz,30000.0,331,330,0,max_ptp_among_top50,4133,3497.3649,1.1817468631883392,False,True,False
Lederberg_2017-12-11,308,R,3,iSPN_right,0.218189109127173,41,38.27616225337348,44.82183552718867,0.08990940451622009,-1.6879825294017792,0.28289806842803955,5.966751695341283,0.8333333333333334,True,ok,,Steinmetz,30000.0,210,209,0,max_ptp_among_top50,2055,3497.3649,0.587585241677241,False,True,False
Lederberg_2017-12-11,309,R,2,dSPN_right,0.20744962769112857,40,38.333637831341946,44.5571266620758,0.0541117787361145,-1.7172772288322449,0.4148988425731659,4.139026318275182,0.7333333333333333,True,ok,,Steinmetz,30000.0,228,227,0,max_ptp_among_top50,4224,3497.3649,1.2077664529657743,False,True,False
Lederberg_2017-12-11,312,L,0,iSPN_left,0.29980704059804214,40,37.17204859038426,46.16625980832552,0.12285943329334259,-1.4505660086870193,0.36114563047885895,4.016568071898447,1.0666666666666667,True,ok,,Steinmetz,30000.0,201,200,0,max_ptp_among_top50,8602,3497.3649,2.4595660578625926,False,True,False
Lederberg_2017-12-11,319,L,0,iSPN_left,0.2923130593609175,40,37.092071238331464,45.86146301915899,0.1204369068145752,-1.4915486574172974,0.17228063941001892,8.657668456102543,0.9,True,ok,,Steinmetz,30000.0,214,213,0,max_ptp_among_top50,8875,3497.3649,2.5376248271948976,False,True,False
Lederberg_2017-12-11,327,R,2,dSPN_right,0.17910877235881675,41,38.97863468330653,44.351897854071034,0.061732660979032516,-2.1172093264758587,0.492725420743227,4.296935447905773,1.2333333333333334,True,ok,,Steinmetz,30000.0,229,228,0,max_ptp_among_top50,9181,3497.3649,2.6251192719409975,False,True,False
Lederberg_2017-12-11,386,R,2,dSPN_right,0.17303254479895738,40,38.575423873060195,43.76640021702892,0.061573680490255356,-2.107914622873068,0.6336387433111668,3.3266820331374767,1.2333333333333334,True,ok,,Steinmetz,30000.0,229,228,0,max_ptp_among_top50,9535,3497.3649,2.7263383354707997,False,True,False
Lederberg_2017-12-11,443,R,2,dSPN_right,0.2165858769482339,41,37.91616270276853,44.41373901121555,0.07773721218109131,-1.762712001800537,0.27714747190475464,6.360195132526109,0.7666666666666667,True,ok,,Steinmetz,30000.0,346,345,0,max_ptp_among_top50,8269,3497.3649,2.36435151505066,False,True,False
Lederberg_2017-12-11,453,L,0,iSPN_left,0.2811929455560285,40,37.5406740407933,45.97646240747415,0.11257528513669968,-1.4339313432574272,0.3407961502671242,4.207592550953048,1.0666666666666667,True,ok,,Steinmetz,30000.0,201,200,0,max_ptp_among_top50,4632,3497.3649,1.3244257126272412,False,True,False
Lederberg_2017-12-11,476,L,0,iSPN_left,0.18941736947102683,41,39.014904999238624,44.69742608336943,0.10287326574325562,-2.2084526419639587,0.6682320833206177,3.3049186010189566,0.9666666666666667,True,ok,,Steinmetz,30000.0,264,263,0,max_ptp_among_top50,3141,3497.3649,0.8981047416584984,False,True,False
Lederberg_2017-12-11,532,L,1,dSPN_left,0.27009661108992494,40,37.16185532415999,45.264753656857735,0.1409197896718979,-1.9869724363088608,0.28985418379306793,6.855075922338233,1.0,True,ok,,Steinmetz,30000.0,333,332,0,max_ptp_among_top50,1690,3497.3649,0.48322095300950724,False,True,False
Lederberg_2017-12-11,551,R,2,dSPN_right,0.30913849736688354,44,40.7051861335928,49.9793410545993,0.09815476089715958,-0.9157022014260292,0.32046332210302353,2.857432156094439,1.0666666666666667,True,ok,,Steinmetz,30000.0,215,214,0,max_ptp_among_top50,12131,3497.3649,3.468611468022682,False,True,False
Radnitz_2017-01-12,13,L,1,iSPN_left,0.2522380322286587,40,37.26969627087357,44.83683723773333,0.05088140442967415,-1.1043237634003162,0.34702814742922783,3.182231100217972,0.7333333333333333,True,ok,,Steinmetz,30000.0,25,24,0,max_ptp_among_top50,4291,3158.5168237362154,1.3585490404082028,False,True,False
Radnitz_2017-01-12,26,R,3,dSPN_right,0.23310287923708017,40,37.61222289593004,44.605309273042444,0.07629849016666412,-1.7607244402170181,0.4998534768819809,3.5224811302707777,0.6333333333333333,True,ok,,Steinmetz,30000.0,112,111,0,max_ptp_among_top50,979,3158.5168237362154,0.30995560721501525,False,True,False
Radnitz_2017-01-12,33,L,1,iSPN_left,0.23631924759817813,40,37.484080426255055,44.5736578542004,0.033246610313653946,-1.554109189659357,0.5637104772031307,2.756927984326501,0.5666666666666667,True,ok,,Steinmetz,30000.0,76,75,0,max_ptp_among_top50,3739,3158.5168237362154,1.1837834682093382,False,True,False
Radnitz_2017-01-12,36,L,1,iSPN_left,0.1675224078100804,40,38.58446831188419,43.6101405461866,0.02303883619606495,-2.204397888854146,0.5954001825302839,3.7023802705032316,0.7333333333333333,True,ok,,Steinmetz,30000.0,148,147,0,max_ptp_among_top50,5077,3158.5168237362154,1.6074000182131079,False,True,False
Radnitz_2017-01-12,71,R,3,dSPN_right,0.1358533182387698,41,39.03985717440574,43.11545672156883,0.0,-1.8480045795440674,0.691260039806366,2.6733855179329127,0.3333333333333333,True,ok,,Steinmetz,30000.0,49,48,0,max_ptp_among_top50,15404,3158.5168237362154,4.876972598100199,False,True,True
Radnitz_2017-01-12,112,L,0,dSPN_left,0.47096354517063854,40,36.678221165168786,50.80712752028794,-0.004521613474935293,-0.7294010468758643,2.490268950816244,0.2929005104596377,1.2333333333333334,True,ok,positive_excursion_larger,Steinmetz,30000.0,85,84,0,max_ptp_among_top50,29317,3158.5168237362154,9.281888188684988,False,True,False
Radnitz_2017-01-12,113,R,3,dSPN_right,0.2558491290294763,41,38.46442988421482,46.13990375509911,0.06310302764177322,-1.2902291491627693,0.3498327061533928,3.6881318597953974,0.7666666666666667,True,ok,,Steinmetz,30000.0,54,53,0,max_ptp_among_top50,7858,3158.5168237362154,2.4878765694541265,False,True,False
Radnitz_2017-01-12,137,L,1,iSPN_left,0.5877332341085759,55,49.80931255074321,67.44130957400048,-0.048720844089984894,-0.4102982208132744,3.0488467290997505,0.13457489249858925,0.8666666666666667,True,ok,positive_excursion_larger,Steinmetz,30000.0,173,172,0,max_ptp_among_top50,34202,3158.5168237362154,10.828500181785447,False,True,False
Radnitz_2017-01-12,175,R,3,dSPN_right,0.17554781409107414,43,40.28467043755241,45.55110486028463,0.0077271843329072,-1.0651106024160981,0.9218753194436431,1.1553738124358273,0.4,True,ok,,Steinmetz,30000.0,76,75,0,max_ptp_among_top50,19927,3158.5168237362154,6.308973835519519,False,True,False
Radnitz_2017-01-12,243,L,1,iSPN_left,0.21965833491350867,40,38.00346278184422,44.59321282924948,0.03891655430197716,-1.644860353320837,0.5907608009874821,2.784308556985132,0.6,True,ok,,Steinmetz,30000.0,61,60,0,max_ptp_among_top50,564,3158.5168237362154,0.17856482376840513,False,True,False
Radnitz_2017-01-12,278,L,1,iSPN_left,0.21282344946754772,40,37.91107592980319,44.29577941382962,0.06150863319635391,-2.1557998433709145,0.4811977967619896,4.4800700624097365,0.7333333333333333,True,ok,,Steinmetz,30000.0,174,173,0,max_ptp_among_top50,12619,3158.5168237362154,3.9952296296693337,False,True,False
Radnitz_2017-01-12,344,R,2,iSPN_right,0.07007542280846077,40,39.493984344110956,41.59624702836478,0.0,-2.6698875427246094,0.5169410109519958,5.164781834213073,0.3,True,ok,,Steinmetz,30000.0,185,184,0,max_ptp_among_top50,16528,3158.5168237362154,5.232835828447163,False,True,True
Radnitz_2017-01-12,352,L,0,dSPN_left,0.08201525210338947,41,39.60173659900949,42.062194162111176,0.0,-2.2093656063079834,0.46543392539024353,4.7468942115801696,0.23333333333333334,True,ok,,Steinmetz,30000.0,90,89,0,max_ptp_among_top50,37735,3158.5168237362154,11.947063164717672,True,False,True
Radnitz_2017-01-12,367,L,0,dSPN_left,0.16198363775002847,40,38.27120669937103,43.13071583187188,0.0,-1.4982300996780396,0.8097073435783386,1.8503353236947477,0.36666666666666664,True,ok,,Steinmetz,30000.0,37,36,0,max_ptp_among_top50,15156,3158.5168237362154,4.798454732329695,False,True,False
Radnitz_2017-01-12,371,R,3,dSPN_right,0.238950046723298,40,36.431344628422394,43.599846030121334,0.02438974380493164,-1.7022310495376587,0.7132563591003418,2.38656273837467,0.5333333333333333,True,ok,,Steinmetz,30000.0,76,75,0,max_ptp_among_top50,889,3158.5168237362154,0.2814612204434613,False,True,False
Radnitz_2017-01-12,382,L,1,iSPN_left,0.0843628029786153,40,39.33548895152955,41.86637304088801,0.0,-2.5488319396972656,0.48756852746009827,5.227638364959596,0.26666666666666666,True,ok,,Steinmetz,30000.0,175,174,0,max_ptp_among_top50,70126,3158.5168237362154,22.20219296379996,True,False,True
Radnitz_2017-01-12,426,L,1,iSPN_left,0.15449358231349353,40,37.46120349917343,42.096010968578234,0.03926946595311165,-1.3973337598145008,2.706464510411024,0.5162948763744518,0.7333333333333333,True,ok,positive_excursion_larger,Steinmetz,30000.0,176,175,0,max_ptp_among_top50,37675,3158.5168237362154,11.928066906869969,False,True,False
Radnitz_2017-01-12,433,L,1,iSPN_left,0.1818091854840688,40,37.8366259153742,43.29090147989626,-0.003829310182482004,-1.484768798109144,0.7958144047297537,1.8657224464457243,0.3,True,ok,,Steinmetz,30000.0,52,51,0,max_ptp_among_top50,5258,3158.5168237362154,1.6647053960536775,False,True,False
Radnitz_2017-01-12,446,L,1,iSPN_left,0.21380475948384947,40,37.548737597817485,43.96288038233297,0.06567252427339554,-2.249865896999836,0.6317207142710686,3.5614882434176893,0.6333333333333333,True,ok,,Steinmetz,30000.0,124,123,0,max_ptp_among_top50,846,3158.5168237362154,0.26784723565260765,False,True,False
Radnitz_2017-01-12,511,R,3,dSPN_right,0.16019733656280288,40,37.48806621976548,42.293986316649566,-0.0008443666156381369,-1.9183181452099234,1.084600575035438,1.7686862697332102,0.36666666666666664,True,ok,,Steinmetz,30000.0,111,110,0,max_ptp_among_top50,32544,3158.5168237362154,10.303570256593929,False,True,False
Radnitz_2017-01-12,513,L,1,iSPN_left,0.5168902266652748,40,36.571377198581864,52.07808399854011,-0.01608016900718212,-0.5642398912459612,3.1730425637215376,0.17782298217398831,1.3,True,ok,positive_excursion_larger,Steinmetz,30000.0,114,113,0,max_ptp_among_top50,55325,3158.5168237362154,17.516132757069172,False,True,False
Radnitz_2017-01-12,522,L,0,dSPN_left,0.26176285474308614,40,36.91526154978935,44.76814719208193,0.0,-1.2397230863571167,0.8592121005058289,1.4428603666397113,0.4,True,ok,,Steinmetz,30000.0,41,40,0,max_ptp_among_top50,35651,3158.5168237362154,11.287259808807466,False,True,False
Radnitz_2017-01-12,525,L,1,iSPN_left,0.2525056558262847,39,37.38106223798041,44.95623191276895,0.04929744452238083,-1.5667805597186089,0.6153538301587105,2.5461457830115544,0.7,True,ok,,Steinmetz,30000.0,159,158,0,max_ptp_among_top50,20643,3158.5168237362154,6.535662512502104,False,True,False
Radnitz_2017-01-12,538,R,3,dSPN_right,0.21410482940451392,40,38.33863579515012,44.761780677285536,0.0613110214471817,-1.793491616845131,0.5943983644247055,3.017322597414917,0.8,True,ok,,Steinmetz,30000.0,174,173,0,max_ptp_among_top50,11924,3158.5168237362154,3.7751896429334444,False,True,False
Radnitz_2017-01-12,623,L,1,iSPN_left,0.04100825375113122,40,39.269984495101376,40.50023210763531,-0.05092092230916023,-0.7135940007865429,2.4212708063423634,0.29471878937181634,0.1,True,ok,positive_excursion_larger,Steinmetz,30000.0,565,190,0,max_ptp_among_top50,47303,3158.5168237362154,14.976333082831324,True,False,True
Radnitz_2017-01-12,627,R,3,dSPN_right,0.14738336621661505,40,37.911165125491166,42.33266611198962,-0.009514928795397282,-2.2529896488413215,1.0338835725560784,2.1791521875826283,0.26666666666666666,True,ok,,Steinmetz,30000.0,487,112,0,max_ptp_among_top50,21467,3158.5168237362154,6.796544453610554,False,True,True
Radnitz_2017-01-12,652,L,1,iSPN_left,0.27763763301843813,41,37.99810860356151,46.327237594114656,0.038745902478694916,-0.9861281141638756,0.8760804310441017,1.1256136756628845,0.7666666666666667,True,ok,,Steinmetz,30000.0,439,64,0,max_ptp_among_top50,756,3158.5168237362154,0.23935284888105368,False,True,False
Radnitz_2017-01-12,671,R,3,dSPN_right,0.1609431652587479,40,37.77724157214419,42.60553652990663,-0.01368818711489439,-1.8715882496908307,0.8954139752313495,2.0901932530227323,0.4,True,ok,,Steinmetz,30000.0,416,41,0,max_ptp_among_top50,28398,3158.5168237362154,8.990928839317675,False,True,False
Radnitz_2017-01-12,673,L,0,dSPN_left,0.2818041183906414,38,34.36699910664076,42.821122658360004,0.060905277729034424,-1.3032404780387878,0.29892799258232117,4.359713745041429,0.6333333333333333,True,ok,,Steinmetz,30000.0,451,76,0,max_ptp_among_top50,9394,3158.5168237362154,2.974180770355315,False,True,False
Radnitz_2017-01-12,675,R,3,dSPN_right,0.19752606429668282,41,37.33045897315515,43.25624090205564,0.015991168096661568,-1.426542954519391,0.7847478818148375,1.817836005138764,0.3,True,ok,,Steinmetz,30000.0,431,56,0,max_ptp_among_top50,21104,3158.5168237362154,6.681617093631953,False,True,False
Radnitz_2017-01-12,700,R,3,dSPN_right,0.08824728899347722,40,38.492856171634386,41.1402748414387,-0.01423466857522726,-2.4805883103981614,0.8665120070800185,2.862728144711202,0.2,True,ok,,Steinmetz,30000.0,551,176,0,max_ptp_among_top50,4635,3158.5168237362154,1.4674609187350314,False,True,True
Radnitz_2017-01-12,755,L,0,dSPN_left,0.1678185922682919,40,38.416062005439,43.45061977348776,0.03292654827237129,-2.6291601546108723,2.232973348349333,1.1774256761973492,0.4666666666666667,True,ok,,Steinmetz,30000.0,430,55,0,max_ptp_among_top50,44108,3158.5168237362154,13.964782352441159,False,True,False
Radnitz_2017-01-12,760,R,3,dSPN_right,0.3442587755202496,50,47.316430153412924,57.64419341902041,-0.03390948474407196,-0.6698438674211502,1.9532794207334518,0.34293294666956836,0.9666666666666667,True,ok,positive_excursion_larger,Steinmetz,30000.0,552,177,0,max_ptp_among_top50,38288,3158.5168237362154,12.122145341213999,False,True,False
Radnitz_2017-01-12,762,L,0,dSPN_left,0.09918919227049965,40,39.16173357609352,42.13740934420851,0.0,-2.5916683673858643,0.8246396780014038,3.142788828288047,0.23333333333333334,True,ok,,Steinmetz,30000.0,560,185,0,max_ptp_among_top50,14967,3158.5168237362154,4.7386165201094315,False,True,True
Radnitz_2017-01-12,789,R,3,dSPN_right,0.1022157443597017,40,38.57474588937825,41.6412182201693,0.005063073243945837,-3.00181652745232,0.6885305480100214,4.359743421883191,0.23333333333333334,True,ok,,Steinmetz,30000.0,517,142,0,max_ptp_among_top50,47547,3158.5168237362154,15.053584531411982,True,False,True
Radnitz_2017-01-12,791,R,3,dSPN_right,0.1421056758745787,40,37.86410193721422,42.12727221345158,0.0,-2.0579380989074707,0.7346981167793274,2.801066250079404,0.3,True,ok,,Steinmetz,30000.0,492,117,0,max_ptp_among_top50,6170,3158.5168237362154,1.9534485153387582,False,True,True
Radnitz_2017-01-12,804,R,3,dSPN_right,0.1001694754254153,40,38.75321816103293,41.75830242379539,-0.024314427748322487,-1.9371347185224295,1.1776999477297068,1.644845720046699,0.23333333333333334,True,ok,,Steinmetz,30000.0,481,106,0,max_ptp_among_top50,15541,3158.5168237362154,4.920347386852454,False,True,True
Radnitz_2017-01-12,943,R,3,dSPN_right,0.2263025021803827,38,35.52051257214695,42.30958763755843,0.07600437849760056,-2.074881784617901,0.3762108162045479,5.5152103428354815,0.7666666666666667,True,ok,,Steinmetz,30000.0,470,95,0,max_ptp_among_top50,14570,3158.5168237362154,4.612924614017132,False,True,False
Radnitz_2017-01-12,946,L,1,iSPN_left,0.21365283310226224,40,37.84918135635421,44.258766349422075,0.03406324237585068,-1.6246859058737755,0.579480804502964,2.803692362626768,0.6666666666666666,True,ok,,Steinmetz,30000.0,435,60,0,max_ptp_among_top50,916,3158.5168237362154,0.29000953647492744,False,True,False
Radnitz_2017-01-12,948,R,3,dSPN_right,0.17172448873744298,40,38.48331949301155,43.63505415513484,0.0302734375,-1.8679100275039673,0.48475486040115356,3.8533085072281663,0.6666666666666666,True,ok,,Steinmetz,30000.0,404,29,0,max_ptp_among_top50,3011,3158.5168237362154,0.9532955396572125,False,True,False
Radnitz_2017-01-12,1006,R,3,dSPN_right,0.23163046232252354,40,37.79416400437194,44.74307787404765,0.03129025176167488,-1.8116856403648853,0.6942473463714123,2.6095679729046592,0.6,True,ok,,Steinmetz,30000.0,439,64,0,max_ptp_among_top50,1813,3158.5168237362154,0.5740035912980824,False,True,False
Radnitz_2017-01-12,1018,R,3,dSPN_right,0.2516613909406158,40,37.9038747312683,45.45371645948678,0.07160356640815735,-1.5122363865375519,0.4075017273426056,3.7109938070670916,0.7666666666666667,True,ok,,Steinmetz,30000.0,420,45,0,max_ptp_among_top50,1755,3158.5168237362154,0.5556405420453031,False,True,False
Radnitz_2017-01-12,1021,R,3,dSPN_right,0.2724472332565744,40,36.08812805478683,44.26154505248406,0.02454552613198757,-1.4910914655774832,0.6492558363825083,2.2966161904457776,0.4666666666666667,True,ok,,Steinmetz,30000.0,423,48,0,max_ptp_among_top50,8972,3158.5168237362154,2.840573756826473,False,True,False
Radnitz_2017-01-12,1028,R,3,dSPN_right,0.16364238582201385,41,39.422595656628936,44.33186723128935,-0.0052252779714763165,-1.6391051043756306,0.727361477445811,2.253494521226889,0.4,True,ok,,Steinmetz,30000.0,452,77,0,max_ptp_among_top50,3865,3158.5168237362154,1.2236756096895138,False,True,False
Radnitz_2017-01-12,1041,R,3,dSPN_right,0.2254079435249141,39,37.34142785741615,44.103666163163574,0.0700017511844635,-1.6492227613925934,0.5859549343585968,2.8145897656752057,0.8,True,ok,,Steinmetz,30000.0,492,117,0,max_ptp_among_top50,2167,3158.5168237362154,0.6860815125995282,False,True,False
Radnitz_2017-01-12,1045,R,3,dSPN_right,0.08816868024249562,40,39.25584800907301,41.90090841634788,-0.019166817888617516,-3.4191218707710505,1.4081702139228582,2.4280600718333014,0.2,True,ok,,Steinmetz,30000.0,509,134,0,max_ptp_among_top50,76463,3158.5168237362154,24.208514396814824,True,False,True
Radnitz_2017-01-12,1049,R,2,iSPN_right,0.12817082887976383,40,38.66000090138768,42.5051257677806,0.01856781542301178,-2.140765681862831,0.37092842161655426,5.771371394332891,0.26666666666666666,True,ok,,Steinmetz,30000.0,520,145,0,max_ptp_among_top50,19808,3158.5168237362154,6.271297924121575,False,True,True
Radnitz_2017-01-12,1091,R,3,dSPN_right,0.07692334167358794,40,38.70671453805994,41.01441478826758,-0.031081687659025192,-2.621445167809725,1.1609820239245892,2.2579550017046595,0.13333333333333333,True,ok,,Steinmetz,30000.0,418,43,0,max_ptp_among_top50,19881,3158.5168237362154,6.294410037836281,False,True,True
Radnitz_2017-01-12,1094,R,3,dSPN_right,0.10682906042505255,42,40.532365367119986,43.73723717987156,-0.024068111553788185,-1.5415551718324423,0.7942511383444071,1.940891359684757,0.26666666666666666,True,ok,,Steinmetz,30000.0,462,87,0,max_ptp_among_top50,30785,3158.5168237362154,9.74666329735878,False,True,True
Radnitz_2017-01-12,1110,R,2,iSPN_right,0.3596238439128541,40,36.10401744322318,46.8927327606088,0.10226698219776154,-1.4397060424089432,0.39914070069789886,3.607013867269392,0.7333333333333333,True,ok,,Steinmetz,30000.0,406,31,0,max_ptp_among_top50,8782,3158.5168237362154,2.780418940308748,False,True,False
Richards_2017-11-01,13,R,3,dSPN_right,0.22855399725843453,40,37.393910664926416,44.25053058267945,0.076188825070858,-2.0193081125617027,0.5041978731751442,4.004991333750136,0.6666666666666666,True,ok,,Steinmetz,30000.0,224,223,0,max_ptp_among_top50,2408,2760.7797,0.8722173667098465,False,True,False
Richards_2017-11-01,22,R,2,iSPN_right,0.22044887515509734,38,34.579493844263084,41.192960098916004,0.0,-1.9968727827072144,1.393720030784607,1.4327646432569798,0.26666666666666666,True,ok,,Steinmetz,30000.0,167,166,0,max_ptp_among_top50,3727,2760.7797,1.3499809492224244,False,True,False
Richards_2017-11-01,28,R,2,iSPN_right,0.25660367269626694,40,36.55581351337992,44.253923694267925,0.011869623325765133,-1.3587574502453208,0.730280683375895,1.860596180586543,0.43333333333333335,True,ok,,Steinmetz,30000.0,278,277,0,max_ptp_among_top50,239,2760.7797,0.08656974694503874,False,True,False
Richards_2017-11-01,44,L,0,iSPN_left,0.22919238303060632,40,36.83396703279898,43.70973852371717,-0.004058810416609049,-1.6678506410680711,0.8834773027338088,1.8878251154920656,0.5,True,ok,,Steinmetz,30000.0,158,157,0,max_ptp_among_top50,3771,2760.7797,1.3659184758566574,False,True,False
Richards_2017-11-01,48,R,3,dSPN_right,0.22826330289397656,40,37.613146970718724,44.46104605753802,-0.00695087481290102,-1.007481793873012,2.354003925807774,0.42798645440971206,0.7333333333333333,True,ok,positive_excursion_larger,Steinmetz,30000.0,262,261,0,max_ptp_among_top50,503,2760.7797,0.1821949067504372,False,True,False
Richards_2017-11-01,69,L,1,dSPN_left,0.17912833975871342,40,37.99549829249298,43.369348485254385,0.028389621526002884,-1.9000463970005512,0.45725471898913383,4.155334692228084,0.5666666666666667,True,ok,,Steinmetz,30000.0,326,325,0,max_ptp_among_top50,2149,2760.7797,0.7784032894765199,False,True,False
Richards_2017-11-01,88,R,3,dSPN_right,0.24082498218887427,47,45.0835905220251,52.308339987691326,0.0,-0.819698691368103,2.3679869174957275,0.34615845438663917,1.1333333333333333,True,ok,positive_excursion_larger,Steinmetz,30000.0,263,262,0,max_ptp_among_top50,604,2760.7797,0.2187787747062904,False,True,False
Richards_2017-11-01,108,R,3,dSPN_right,0.12744868764496572,41,38.91421190544572,42.73767253479469,0.00794119480997324,-2.7620334113016725,0.8834192072972655,3.126526329161263,0.43333333333333335,True,ok,,Steinmetz,30000.0,174,173,0,max_ptp_among_top50,34122,2760.7797,12.35955190484775,True,False,True
Richards_2017-11-01,137,R,3,dSPN_right,0.09809758775607803,40,38.58920446749301,41.53213210017535,-0.015281211584806442,-6.159843433648348,3.1380937211215496,1.9629252600673857,0.16666666666666666,True,ok,,Steinmetz,30000.0,149,148,0,max_ptp_among_top50,53466,2760.7797,19.366268159679674,True,False,True
Richards_2017-11-01,146,L,1,dSPN_left,0.10230940736947029,40,38.45572038273405,41.52500260381816,-0.023454206064343452,-3.5073635410517454,2.029357450082898,1.7283123487725,0.16666666666666666,True,ok,,Steinmetz,30000.0,210,209,0,max_ptp_among_top50,33019,2760.7797,11.96002708944868,True,False,True
Richards_2017-11-01,152,L,0,iSPN_left,0.3210184712342082,41,35.48985015437737,45.12040429140362,-0.007781322579830885,-3.205151740927249,1.8435082989744842,1.7386153036090082,0.36666666666666664,True,ok,,Steinmetz,30000.0,171,170,0,max_ptp_among_top50,750,2760.7797,0.27166238581079105,False,True,False
Richards_2017-11-01,153,L,0,iSPN_left,0.2517568977710534,40,36.698739099162765,44.25144603229437,0.012404507026076317,-1.2767934259027243,0.7504337970167398,1.701407147410557,0.4,True,ok,,Steinmetz,30000.0,351,350,0,max_ptp_among_top50,138,2760.7797,0.04998587898918556,False,True,False
Richards_2017-11-01,155,R,2,iSPN_right,0.18404425948585915,40,38.001268239957206,43.52259602453298,0.017033811658620834,-1.8277339898049831,0.5181016363203526,3.5277518187085186,0.4666666666666667,True,ok,,Steinmetz,30000.0,170,169,0,max_ptp_among_top50,2327,2760.7797,0.842877829042281,False,True,False
Richards_2017-11-01,189,L,0,iSPN_left,0.09978437402756721,40,38.39061348084365,41.384144701670664,-0.008404436521232128,-5.602583226747811,3.0719830421730876,1.8237676282173108,0.16666666666666666,True,ok,,Steinmetz,30000.0,149,148,0,max_ptp_among_top50,14608,2760.7797,5.291258842565381,False,True,True
Richards_2017-11-01,196,R,2,iSPN_right,0.22024532458670526,39,35.346854830598225,41.95421456819938,0.007770814001560211,-2.100334919989109,1.3051155433058739,1.6093095594194937,0.26666666666666666,True,ok,,Steinmetz,30000.0,196,195,0,max_ptp_among_top50,2121,2760.7797,0.7682612270729171,False,True,False
Richards_2017-11-01,197,R,2,iSPN_right,0.2408250287973234,47,45.08358964874091,52.308340512660614,0.0,-0.8196983933448792,2.3679869174957275,0.3461583285315419,1.1333333333333333,True,ok,positive_excursion_larger,Steinmetz,30000.0,263,262,0,max_ptp_among_top50,507,2760.7797,0.18364377280809474,False,True,False
Richards_2017-11-01,204,R,2,iSPN_right,0.15387998090735308,41,38.60088394997769,43.217283377198285,0.09134518355131149,-2.006366841495037,0.34403330832719803,5.831897066160965,0.8333333333333334,True,ok,,Steinmetz,30000.0,331,330,0,max_ptp_among_top50,1061,2760.7797,0.38431172179366574,False,True,False
Richards_2017-11-01,210,R,3,dSPN_right,0.24496393167204408,40,36.564695312089114,43.913613262250436,0.006533059757202864,-1.5773805710487068,0.8702357676811516,1.8125899091137427,0.5,True,ok,,Steinmetz,30000.0,158,157,0,max_ptp_among_top50,3919,2760.7797,1.419526519989987,False,True,False
Richards_2017-11-01,226,R,3,dSPN_right,0.19644136250131747,40,37.393802308131335,43.28704318317086,0.0,-2.0591988563537598,1.0721286535263062,1.9206639516450854,0.5,True,ok,,Steinmetz,30000.0,154,153,0,max_ptp_among_top50,20450,2760.7797,7.407327719774236,False,True,False
Richards_2017-11-01,267,R,2,iSPN_right,0.23351775456015744,40,37.66911155342153,44.67464419022625,0.025586508214473724,-1.6416076645255089,1.179025150835514,1.392343211136918,0.4666666666666667,True,ok,,Steinmetz,30000.0,205,204,0,max_ptp_among_top50,12115,2760.7797,4.388253072130311,False,True,False
Richards_2017-11-01,268,R,3,dSPN_right,0.2572368915149783,40,36.51351165798329,44.230618403432636,0.00470511382445693,-2.185134334024042,1.0598065429367125,2.0618237815073854,0.43333333333333335,True,ok,,Steinmetz,30000.0,179,178,0,max_ptp_among_top50,1889,2760.7797,0.6842269957287791,False,True,False
Richards_2017-11-01,339,R,2,iSPN_right,0.13718694960662037,41,38.562861656128874,42.678470144327484,-0.011555492877960205,-4.956441104412079,2.9138651490211487,1.7009850665454063,0.2,True,ok,,Steinmetz,30000.0,171,170,0,max_ptp_among_top50,13470,2760.7797,4.879056449161808,False,True,True
Richards_2017-11-01,348,R,2,iSPN_right,0.46265917614022395,40,31.73361896909596,45.61339425330268,0.0,-1.2403535842895508,0.5795141458511353,2.1403335762716154,0.5333333333333333,True,ok,,Steinmetz,30000.0,279,278,0,max_ptp_among_top50,103,2760.7797,0.03730830098468197,False,True,False
Richards_2017-11-01,356,L,0,iSPN_left,0.18167937240112622,40,36.89516545596533,42.34554662799912,0.00401103962212801,-3.4122475432232022,1.73148703109473,1.9707034947098705,0.23333333333333334,True,ok,,Steinmetz,30000.0,171,170,0,max_ptp_among_top50,12398,2760.7797,4.4907603457095835,False,True,False
Richards_2017-11-01,370,R,3,dSPN_right,0.19628021126406311,40,36.60017996340938,42.488586301331274,-0.07280337065458298,-2.679375298321247,2.2643519565463066,1.1832857036977384,0.26666666666666666,True,ok,,Steinmetz,30000.0,151,150,0,max_ptp_among_top50,11944,2760.7797,4.326314048165451,False,True,False
Richards_2017-11-01,381,R,3,dSPN_right,0.23552947058093043,40,37.2908090659204,44.35669318334831,0.09096521884202957,-2.0162770226597786,0.4687419459223747,4.301464889582723,0.6,True,ok,,Steinmetz,30000.0,221,220,0,max_ptp_among_top50,1835,2760.7797,0.6646673039504021,False,True,False
Richards_2017-11-01,392,L,1,dSPN_left,0.13558054929660368,41,38.93901582202502,43.00643230092313,0.0,-1.9426673650741577,1.7762815952301025,1.0936708291584258,0.26666666666666666,True,ok,,Steinmetz,30000.0,183,182,0,max_ptp_among_top50,8723,2760.7797,3.159614655236707,False,True,True
Richards_2017-11-01,393,L,0,iSPN_left,0.18640930300248992,41,38.1283282330599,43.720607323134594,0.05836530029773712,-1.795869305729866,0.374806746840477,4.791454051637478,0.7333333333333333,True,ok,,Steinmetz,30000.0,326,325,0,max_ptp_among_top50,2222,2760.7797,0.8048450950287703,False,True,False
Richards_2017-11-01,427,L,0,iSPN_left,0.09031466189436965,40,38.934472965067876,41.643912821898965,-0.026518097147345543,-4.934273013845086,3.0563268568366766,1.614445458543691,0.16666666666666666,True,ok,,Steinmetz,30000.0,157,156,0,max_ptp_among_top50,24326,2760.7797,8.811278929644404,False,True,True
Richards_2017-11-01,432,R,2,iSPN_right,0.3102782528454865,40,36.11665431949691,45.4250019048615,0.1351168006658554,-1.7440010160207748,0.3641006499528885,4.789887126667952,0.7333333333333333,True,ok,,Steinmetz,30000.0,222,221,0,max_ptp_among_top50,2144,2760.7797,0.7765922069044481,False,True,False
Richards_2017-11-01,433,R,2,iSPN_right,0.11257522829053883,41,38.968139484705574,42.34539633342174,-0.0755806639790535,-7.114687375724316,4.723813124001026,1.5061322683523604,0.16666666666666666,True,ok,,Steinmetz,30000.0,194,193,0,max_ptp_among_top50,19282,2760.7797,6.984258830938231,False,True,True
Richards_2017-11-01,434,R,2,iSPN_right,0.18288794855835136,40,38.6094038143116,44.09604227106214,0.03385567665100098,-2.63649320602417,0.6351888179779053,4.150723582347256,0.3,True,ok,,Steinmetz,30000.0,170,169,0,max_ptp_among_top50,18882,2760.7797,6.839372225172475,False,True,False
Richards_2017-11-01,452,L,1,dSPN_left,0.23908582886350374,40,38.5133228821699,45.685897748075014,0.07838649302721024,-1.1330671980977058,0.18756433576345444,6.040952260384225,1.0,True,ok,,Steinmetz,30000.0,101,100,0,max_ptp_among_top50,2553,2760.7797,0.9247387612999327,False,True,False
Richards_2017-11-01,466,L,1,dSPN_left,0.20840455428836507,40,36.85144710599314,43.10358373464409,0.0,-2.9120640754699707,1.772897720336914,1.6425448812222367,0.26666666666666666,True,ok,,Steinmetz,30000.0,151,150,0,max_ptp_among_top50,9401,2760.7797,3.4051974520096624,False,True,False
Richards_2017-11-01,470,R,2,iSPN_right,0.25098905833974855,39,36.27812135109691,43.80779310128936,0.07379309087991714,-1.4376030340790749,0.5525261983275414,2.6018730667081487,0.8,True,ok,,Steinmetz,30000.0,226,225,0,max_ptp_among_top50,1351,2760.7797,0.4893545109738383,False,True,False
