control,repetition,n_sessions,mean_criteria_pass_percent_across_sessions,n_sessions_all_six_pass
choice_label_shuffle,0,4,83.33333333333334,1
choice_label_shuffle,1,4,70.83333333333333,0
choice_label_shuffle,2,4,54.16666666666667,0
choice_label_shuffle,3,4,70.83333333333333,1
choice_label_shuffle,4,4,41.666666666666664,0
choice_label_shuffle,5,4,62.5,0
choice_label_shuffle,6,4,62.5,0
choice_label_shuffle,7,4,41.66666666666666,0
choice_label_shuffle,8,4,70.83333333333333,1
choice_label_shuffle,9,4,62.5,0
choice_label_shuffle,10,4,45.83333333333333,0
choice_label_shuffle,11,4,66.66666666666667,0
choice_label_shuffle,12,4,62.5,1
choice_label_shuffle,13,4,29.166666666666668,0
choice_label_shuffle,14,4,75.0,1
choice_label_shuffle,15,4,83.33333333333334,1
choice_label_shuffle,16,4,58.33333333333333,0
choice_label_shuffle,17,4,37.5,0
choice_label_shuffle,18,4,50.0,0
choice_label_shuffle,19,4,75.0,1
choice_label_shuffle,20,4,75.0,0
choice_label_shuffle,21,4,45.83333333333333,0
choice_label_shuffle,22,4,62.49999999999999,0
choice_label_shuffle,23,4,45.83333333333333,0
choice_label_shuffle,24,4,58.333333333333336,0
choice_label_shuffle,25,4,70.83333333333333,0
choice_label_shuffle,26,4,70.83333333333333,1
choice_label_shuffle,27,4,45.83333333333333,0
choice_label_shuffle,28,4,75.0,0
choice_label_shuffle,29,4,58.33333333333333,0
choice_label_shuffle,30,4,70.83333333333333,0
choice_label_shuffle,31,4,70.83333333333334,1
choice_label_shuffle,32,4,58.33333333333333,0
choice_label_shuffle,33,4,54.166666666666664,0
choice_label_shuffle,34,4,66.66666666666666,0
choice_label_shuffle,35,4,58.33333333333333,0
choice_label_shuffle,36,4,70.83333333333333,1
choice_label_shuffle,37,4,37.5,0
choice_label_shuffle,38,4,70.83333333333333,1
choice_label_shuffle,39,4,58.33333333333333,0
choice_label_shuffle,40,4,75.0,1
choice_label_shuffle,41,4,70.83333333333333,0
choice_label_shuffle,42,4,54.166666666666664,2
choice_label_shuffle,43,4,54.16666666666667,0
choice_label_shuffle,44,4,83.33333333333334,0
choice_label_shuffle,45,4,33.333333333333336,0
choice_label_shuffle,46,4,45.83333333333333,0
choice_label_shuffle,47,4,83.33333333333334,1
choice_label_shuffle,48,4,62.5,0
choice_label_shuffle,49,4,66.66666666666667,0
isi_shuffle,0,4,20.833333333333336,0
isi_shuffle,1,4,0.0,0
isi_shuffle,2,4,16.666666666666664,0
isi_shuffle,3,4,29.166666666666664,0
isi_shuffle,4,4,33.333333333333336,0
isi_shuffle,5,4,58.333333333333336,0
isi_shuffle,6,4,37.5,1
isi_shuffle,7,4,12.5,0
isi_shuffle,8,4,24.999999999999996,0
isi_shuffle,9,4,41.666666666666664,1
isi_shuffle,10,4,0.0,0
isi_shuffle,11,4,29.166666666666664,0
isi_shuffle,12,4,33.33333333333333,0
isi_shuffle,13,4,12.5,0
isi_shuffle,14,4,0.0,0
isi_shuffle,15,4,16.666666666666664,0
isi_shuffle,16,4,29.166666666666668,0
isi_shuffle,17,4,33.33333333333333,0
isi_shuffle,18,4,8.333333333333332,0
isi_shuffle,19,4,20.833333333333336,0
isi_shuffle,20,4,16.666666666666664,0
isi_shuffle,21,4,8.333333333333332,0
isi_shuffle,22,4,29.166666666666664,0
isi_shuffle,23,4,16.666666666666664,0
isi_shuffle,24,4,0.0,0
isi_shuffle,25,4,20.833333333333336,0
isi_shuffle,26,4,20.833333333333332,0
isi_shuffle,27,4,33.333333333333336,0
isi_shuffle,28,4,12.5,0
isi_shuffle,29,4,20.833333333333336,0
isi_shuffle,30,4,0.0,0
isi_shuffle,31,4,33.33333333333333,0
isi_shuffle,32,4,29.166666666666668,0
isi_shuffle,33,4,0.0,0
isi_shuffle,34,4,41.666666666666664,1
isi_shuffle,35,4,33.33333333333333,0
isi_shuffle,36,4,12.5,0
isi_shuffle,37,4,12.5,0
isi_shuffle,38,4,37.5,0
isi_shuffle,39,4,45.833333333333336,1
isi_shuffle,40,4,29.166666666666664,0
isi_shuffle,41,4,37.5,1
isi_shuffle,42,4,24.999999999999996,0
isi_shuffle,43,4,0.0,0
isi_shuffle,44,4,16.666666666666664,0
isi_shuffle,45,4,12.5,0
isi_shuffle,46,4,16.666666666666664,0
isi_shuffle,47,4,12.5,0
isi_shuffle,48,4,37.5,0
isi_shuffle,49,4,33.33333333333333,0
speed_label_shuffle,0,4,79.16666666666666,1
speed_label_shuffle,1,4,70.83333333333333,1
speed_label_shuffle,2,4,95.83333333333334,3
speed_label_shuffle,3,4,62.49999999999999,0
speed_label_shuffle,4,4,62.49999999999999,0
speed_label_shuffle,5,4,62.5,0
speed_label_shuffle,6,4,70.83333333333333,1
speed_label_shuffle,7,4,62.5,0
speed_label_shuffle,8,4,70.83333333333333,1
speed_label_shuffle,9,4,79.16666666666666,1
speed_label_shuffle,10,4,79.16666666666666,2
speed_label_shuffle,11,4,54.16666666666666,0
speed_label_shuffle,12,4,70.83333333333333,1
speed_label_shuffle,13,4,45.83333333333333,0
speed_label_shuffle,14,4,87.5,2
speed_label_shuffle,15,4,70.83333333333333,1
speed_label_shuffle,16,4,62.5,1
speed_label_shuffle,17,4,62.5,1
speed_label_shuffle,18,4,45.83333333333333,0
speed_label_shuffle,19,4,45.83333333333333,0
speed_label_shuffle,20,4,54.16666666666666,0
speed_label_shuffle,21,4,87.5,2
speed_label_shuffle,22,4,62.5,1
speed_label_shuffle,23,4,79.16666666666666,1
speed_label_shuffle,24,4,54.16666666666666,0
speed_label_shuffle,25,4,79.16666666666666,2
speed_label_shuffle,26,4,54.166666666666664,1
speed_label_shuffle,27,4,79.16666666666666,1
speed_label_shuffle,28,4,70.83333333333333,1
speed_label_shuffle,29,4,62.5,0
speed_label_shuffle,30,4,70.83333333333333,1
speed_label_shuffle,31,4,62.5,1
speed_label_shuffle,32,4,87.5,2
speed_label_shuffle,33,4,54.16666666666666,0
speed_label_shuffle,34,4,62.5,1
speed_label_shuffle,35,4,70.83333333333333,0
speed_label_shuffle,36,4,62.5,1
speed_label_shuffle,37,4,45.83333333333333,0
speed_label_shuffle,38,4,62.5,1
speed_label_shuffle,39,4,62.5,1
speed_label_shuffle,40,4,62.5,0
speed_label_shuffle,41,4,79.16666666666666,1
speed_label_shuffle,42,4,62.5,1
speed_label_shuffle,43,4,79.16666666666666,2
speed_label_shuffle,44,4,62.5,0
speed_label_shuffle,45,4,62.5,0
speed_label_shuffle,46,4,45.83333333333333,0
speed_label_shuffle,47,4,70.83333333333333,1
speed_label_shuffle,48,4,54.16666666666666,0
speed_label_shuffle,49,4,54.16666666666666,0
