control,session,n_shuffles,n_pipeline_success,null_mean_criteria_pass_percent,null_mean_criteria_pass_ci95_low_percent,null_mean_criteria_pass_ci95_high_percent,original_n_criteria_passed,original_criteria_pass_percent,p_criteria_pass_percent,null_pattern_pass_count,null_pattern_pass_rate,original_pattern_pass,original_pattern_pass_value,original_min_required_margin,null_median_min_required_margin,p_min_required_margin,original_corr_drop,null_median_corr_drop,p_corr_drop,mean_label_agreement
isi_shuffle,Hench_2017-06-18,50,50,34.33333333333333,25.0,43.66666666666666,6,100.0,0.058823529411764705,2,0.04,True,1.0,0.09020876715897083,-0.37143609028275076,0.0392156862745098,-0.09032209071543588,,,
isi_shuffle,Lederberg_2017-12-11,50,45,7.666666666666666,2.333333333333333,14.0,6,100.0,0.0196078431372549,0,0.0,True,1.0,0.08229436725369665,-0.3565917726681228,0.0196078431372549,-0.0751543605136724,,,
isi_shuffle,Radnitz_2017-01-12,50,48,6.666666666666666,1.6583333333334076,13.0,6,100.0,0.0196078431372549,0,0.0,True,1.0,0.07682492379184769,-0.4115676908856736,0.0196078431372549,-0.18278573054520175,,,
isi_shuffle,Richards_2017-11-01,50,50,39.66666666666667,29.666666666666664,49.33333333333333,5,83.33333333333334,0.17647058823529413,3,0.06,False,0.0,-0.04600874185515645,-0.2710070687164998,0.09803921568627451,-0.1930791882171614,,,
choice_label_shuffle,Hench_2017-06-18,50,50,69.33333333333334,63.99999999999999,74.66666666666667,6,100.0,0.13725490196078433,6,0.12,True,1.0,0.09020876715897083,-0.2344128272329577,0.058823529411764705,-0.09032209071543588,-0.16388998429652346,0.8823529411764706,0.503013698630137
choice_label_shuffle,Lederberg_2017-12-11,50,50,49.33333333333333,40.00000000000001,58.33333333333333,6,100.0,0.058823529411764705,2,0.04,True,1.0,0.08229436725369665,-0.2540600013346477,0.0392156862745098,-0.0751543605136724,-0.10084822304895602,0.6078431372549019,0.5027027027027028
choice_label_shuffle,Radnitz_2017-01-12,50,50,63.33333333333334,57.33333333333333,69.00000000000001,6,100.0,0.09803921568627451,4,0.08,True,1.0,0.07682492379184769,-0.2853100193591349,0.0784313725490196,-0.18278573054520175,-0.2708333275645783,0.7254901960784313,0.5010526315789473
choice_label_shuffle,Richards_2017-11-01,50,50,62.66666666666666,56.0,68.66666666666667,5,83.33333333333334,0.3137254901960784,3,0.06,False,0.0,-0.04600874185515645,-0.3526207561363397,0.09803921568627451,-0.1930791882171614,-0.15464750753156664,0.37254901960784315,0.5023529411764706
speed_label_shuffle,Hench_2017-06-18,50,50,64.0,57.33333333333333,70.66666666666666,6,100.0,0.21568627450980393,10,0.2,True,1.0,0.09020876715897083,-0.3458309837579594,0.21568627450980393,-0.09032209071543588,-0.09004128321489858,0.5098039215686274,0.509041095890411
speed_label_shuffle,Lederberg_2017-12-11,50,50,66.66666666666666,59.33333333333332,73.99999999999999,6,100.0,0.3333333333333333,16,0.32,True,1.0,0.08229436725369665,-0.3259451151141466,0.3333333333333333,-0.0751543605136724,-0.1033709382878835,0.7058823529411765,0.4970270270270271
speed_label_shuffle,Radnitz_2017-01-12,50,50,68.66666666666666,62.66666666666666,74.66666666666666,6,100.0,0.2549019607843137,12,0.24,True,1.0,0.07682492379184769,-0.21732765894171097,0.2549019607843137,-0.18278573054520175,-0.2851596572262334,0.7058823529411765,0.5766666666666667
speed_label_shuffle,Richards_2017-11-01,50,50,64.66666666666667,60.00000000000001,69.33333333333334,5,83.33333333333334,0.45098039215686275,0,0.0,False,0.0,-0.04600874185515645,-0.3112301404962974,0.3333333333333333,-0.1930791882171614,-0.10583572030803531,0.3333333333333333,0.5611764705882354
